model,0,1,2,3,4,5,6,7,8,9,10,11,12,13,14,15,16,17,18,19,20,21,22,23,24,25,26,27,28,29,30,31,32,33,34,35,36,37,38,39,40,41,42,43,44,45,46,47,48,49,50,51,52,53,54,55,56,57,58,59,60,61,62,63,64,65,66,67,68,69,70,71,72,73,74,75,76,77,78,79,80,81,82,83,84,85,86,87,88,89,90,91,92,93,94,95,96,97,98,99,100,101,102,103,104,105,106,107,108,109,110,111,112,113,114,115,116,117,118,119
AXCXEPT__EZO-Qwen2.5-72B-Instruct,0.1,1.0,1.0,0.1,,0.1,0.5,0.1,0.8,0.0,1.0,1.0,1.0,1.0,1.0,1.0,1.0,1.0,1.0,1.0,1.0,1.0,1.0,1.0,1.0,1.0,1.0,1.0,1.0,1.0,1.0,1.0,1.0,1.0,0.9,1.0,1.0,1.0,0.9,0.8,1.0,1.0,1.0,1.0,1.0,0.2,0.0,0.0,0.1,0.1,1.0,0.7,0.6,0.8,1.0,1.0,0.8,0.8,0.8,1.0,0.1,1.0,0.1,1.0,1.0,1.0,0.7,0.8,1.0,1.0,1.0,0.2,0.1,0.1,0.1,0.1,0.1,0.6,1.0,0.8,0.9,1.0,1.0,1.0,1.0,1.0,0.6,0.1,0.7,1.0,1.0,0.0,0.6,1.0,0.0,0.2,1.0,0.3,1.0,1.0,0.5,0.6,0.5,0.5,0.4,0.5,1.0,0.4,1.0,0.5,0.7,0.4,0.7,0.7,0.1,0.6,0.2,0.6,0.2,1.0
CohereForAI__aya-23-35b,0.1,0.1,1.0,0.2,0.1,0.1,0.5,0.5,0.1,0.1,1.0,1.0,1.0,0.9,1.0,1.0,1.0,0.5,0.1,1.0,1.0,1.0,1.0,1.0,1.0,1.0,1.0,1.0,1.0,1.0,1.0,0.8,1.0,0.4,1.0,0.9,1.0,1.0,0.6,0.7,1.0,1.0,0.9,1.0,1.0,0.1,0.1,0.1,0.1,0.2,1.0,0.6,1.0,0.9,0.9,1.0,0.7,1.0,0.7,1.0,0.1,0.1,0.4,0.9,0.1,0.7,0.9,0.9,0.5,1.0,0.2,0.7,0.1,0.1,0.1,0.0,0.1,0.1,0.5,0.6,0.9,1.0,1.0,1.0,1.0,0.1,0.6,0.1,0.1,0.8,1.0,0.0,0.9,1.0,0.4,0.4,1.0,0.3,0.4,0.9,0.3,0.4,0.1,0.2,0.1,0.7,1.0,0.5,0.7,0.5,0.7,0.3,0.9,0.6,0.4,0.2,0.6,0.6,0.2,0.2
CohereForAI__aya-expanse-32b,0.5,1.0,0.2,0.2,0.1,0.3,0.1,0.3,0.5,0.3,1.0,1.0,1.0,1.0,1.0,1.0,1.0,0.8,0.1,0.9,1.0,1.0,1.0,1.0,1.0,1.0,1.0,1.0,1.0,1.0,1.0,1.0,1.0,0.9,1.0,1.0,1.0,1.0,0.9,0.9,1.0,1.0,1.0,1.0,1.0,0.1,0.6,0.8,0.3,0.2,1.0,0.7,1.0,0.7,1.0,1.0,1.0,1.0,1.0,1.0,0.1,0.9,0.4,0.1,1.0,0.5,0.8,0.8,1.0,1.0,1.0,0.7,0.3,0.5,0.1,0.1,0.6,1.0,1.0,0.2,0.9,1.0,1.0,1.0,1.0,0.7,0.6,0.1,0.7,1.0,1.0,0.4,0.6,1.0,0.9,0.2,0.2,0.3,1.0,0.6,0.5,0.4,0.3,0.3,0.2,0.1,1.0,0.4,1.0,0.5,0.7,0.4,0.5,0.6,0.1,0.2,0.1,0.6,0.6,1.0
CohereForAI__c4ai-command-r-plus,0.1,1.0,1.0,0.1,0.5,,0.4,0.3,,0.0,1.0,1.0,1.0,1.0,1.0,1.0,1.0,1.0,0.1,1.0,1.0,1.0,1.0,1.0,1.0,1.0,1.0,1.0,1.0,1.0,0.5,1.0,1.0,0.8,0.8,0.9,1.0,1.0,0.8,0.9,1.0,1.0,1.0,1.0,1.0,0.1,0.1,0.1,0.1,0.2,1.0,0.6,1.0,0.6,1.0,1.0,0.7,1.0,1.0,1.0,0.1,0.1,0.1,0.1,1.0,1.0,0.8,1.0,0.7,1.0,0.5,0.7,0.1,0.3,0.1,0.1,0.1,0.4,1.0,1.0,0.9,1.0,0.8,1.0,1.0,0.1,1.0,0.1,0.1,0.5,1.0,1.0,1.0,1.0,0.5,0.4,1.0,0.1,1.0,1.0,0.5,0.4,0.3,0.1,0.0,0.5,0.8,1.0,1.0,0.5,0.4,0.6,1.0,0.7,0.1,0.2,0.2,0.6,0.2,0.6
CohereForAI__c4ai-command-r-plus-08-2024,1.0,0.3,1.0,0.2,0.1,0.2,0.0,0.1,0.1,0.1,1.0,1.0,1.0,1.0,1.0,0.9,1.0,1.0,0.8,0.7,1.0,1.0,1.0,1.0,1.0,1.0,1.0,1.0,1.0,1.0,1.0,0.8,1.0,1.0,0.8,1.0,1.0,1.0,0.9,0.9,1.0,1.0,1.0,1.0,1.0,0.1,0.0,0.1,0.3,0.1,0.9,0.6,1.0,0.8,1.0,1.0,1.0,0.9,0.8,1.0,0.1,0.1,0.1,1.0,0.1,0.9,0.7,1.0,1.0,0.9,0.2,0.5,0.7,0.5,0.1,0.3,0.1,0.8,1.0,1.0,0.9,1.0,1.0,1.0,1.0,0.1,1.0,0.1,0.1,1.0,1.0,0.0,0.8,1.0,0.5,0.2,1.0,0.3,1.0,1.0,0.5,0.6,0.8,0.5,0.4,1.0,1.0,0.6,0.5,0.5,0.3,0.8,0.7,0.5,0.3,1.0,1.0,0.6,0.2,1.0
CohereForAI__c4ai-command-r-v01,0.1,0.1,0.3,0.1,0.3,0.1,0.5,0.5,0.1,0.1,1.0,1.0,1.0,1.0,1.0,1.0,1.0,0.8,0.8,1.0,1.0,1.0,1.0,1.0,1.0,1.0,1.0,1.0,1.0,1.0,1.0,0.8,0.8,0.9,0.8,1.0,0.9,1.0,0.9,0.8,1.0,1.0,1.0,1.0,1.0,0.1,0.1,0.1,0.1,0.1,0.8,0.6,1.0,0.8,1.0,1.0,1.0,1.0,0.4,1.0,0.1,0.1,0.4,0.1,1.0,0.9,1.0,1.0,1.0,1.0,0.2,0.7,0.6,0.5,0.1,0.1,0.6,0.6,0.7,0.4,0.9,1.0,1.0,1.0,1.0,0.1,1.0,0.1,0.1,1.0,1.0,1.0,1.0,1.0,0.5,0.1,1.0,0.3,0.3,1.0,0.5,0.6,0.5,0.3,0.5,0.5,1.0,0.6,0.7,0.5,0.6,0.4,0.5,0.7,0.1,0.2,0.2,0.6,0.2,0.6
DataPilot__ArrowPro-7B-KUJIRA,0.0,0.1,1.0,0.1,0.1,0.1,0.1,0.1,0.1,0.1,1.0,1.0,1.0,1.0,1.0,0.8,0.6,0.8,0.1,0.1,1.0,1.0,1.0,1.0,1.0,1.0,1.0,1.0,1.0,1.0,1.0,1.0,1.0,0.9,1.0,1.0,0.9,1.0,0.9,0.9,1.0,1.0,1.0,1.0,1.0,0.1,0.0,0.1,0.0,0.1,0.7,0.6,0.3,0.7,1.0,1.0,0.8,1.0,1.0,1.0,0.4,1.0,0.1,1.0,1.0,0.7,0.7,1.0,0.8,1.0,0.4,0.3,0.1,0.1,0.1,0.1,0.1,0.4,0.7,0.4,0.3,1.0,1.0,1.0,1.0,0.7,0.1,0.7,0.7,0.1,0.0,0.0,0.6,1.0,0.0,0.2,0.8,0.3,,0.7,0.4,0.6,0.1,0.5,0.2,0.5,1.0,0.5,1.0,0.4,0.2,0.2,0.7,0.7,0.1,1.0,0.2,0.6,0.6,0.6
DataPilot__ArrowPro-7B-RobinHood,0.1,0.1,1.0,0.1,0.1,0.1,0.1,0.1,0.1,0.0,1.0,1.0,1.0,1.0,1.0,0.7,0.1,0.9,0.1,0.1,1.0,1.0,1.0,1.0,1.0,1.0,1.0,1.0,1.0,0.8,1.0,0.5,1.0,0.4,1.0,1.0,0.9,0.8,0.9,0.8,1.0,1.0,1.0,1.0,1.0,0.1,0.1,0.1,0.1,0.1,1.0,0.8,0.7,0.5,0.9,1.0,0.8,0.1,1.0,0.8,0.1,1.0,0.4,1.0,1.0,0.9,1.0,0.9,1.0,1.0,0.3,0.0,0.1,0.1,0.1,0.1,0.1,0.4,0.7,0.1,0.9,1.0,1.0,1.0,1.0,0.7,0.1,0.7,0.1,0.1,0.0,0.0,0.4,1.0,0.0,0.2,1.0,0.3,1.0,1.0,0.4,0.6,0.1,0.5,0.1,0.7,0.2,0.4,1.0,0.3,0.8,0.4,0.8,0.4,0.1,1.0,0.2,0.6,0.2,1.0
DeepSeek-V3-Q2_K_XS,,1.0,1.0,0.1,1.0,0.3,0.1,0.3,0.1,0.1,1.0,1.0,1.0,1.0,1.0,1.0,1.0,1.0,0.1,1.0,1.0,1.0,1.0,1.0,1.0,1.0,1.0,1.0,1.0,1.0,1.0,1.0,1.0,1.0,0.8,1.0,1.0,1.0,0.9,0.9,1.0,1.0,1.0,1.0,1.0,0.1,1.0,1.0,0.4,0.5,1.0,0.8,1.0,0.8,1.0,1.0,0.8,1.0,1.0,1.0,0.1,0.1,0.4,0.4,1.0,1.0,1.0,1.0,1.0,1.0,1.0,0.7,0.1,0.1,0.1,0.3,0.6,1.0,1.0,0.2,0.9,1.0,1.0,1.0,1.0,0.1,0.1,0.7,0.1,1.0,1.0,1.0,0.8,1.0,1.0,0.8,1.0,0.3,1.0,1.0,0.5,0.6,1.0,0.5,0.5,0.5,1.0,0.4,1.0,0.4,1.0,0.6,0.7,0.7,0.4,1.0,0.6,0.6,0.2,0.6
DeepSeek-V3-Q5_K_M,0.5,1.0,1.0,0.3,1.0,1.0,0.5,0.1,1.0,0.1,1.0,1.0,1.0,1.0,1.0,1.0,1.0,1.0,0.2,1.0,1.0,1.0,1.0,1.0,1.0,1.0,1.0,1.0,1.0,1.0,1.0,1.0,1.0,1.0,1.0,1.0,0.9,1.0,0.9,1.0,1.0,1.0,1.0,1.0,1.0,0.1,1.0,0.7,0.7,0.5,1.0,0.8,1.0,0.9,1.0,1.0,0.8,1.0,1.0,1.0,0.1,0.1,0.4,1.0,1.0,1.0,1.0,0.9,1.0,1.0,1.0,0.7,0.9,0.5,0.1,0.7,0.6,0.8,1.0,1.0,0.9,0.8,1.0,1.0,1.0,1.0,0.1,0.1,1.0,1.0,1.0,1.0,1.0,1.0,1.0,0.2,1.0,1.0,1.0,1.0,0.5,0.8,1.0,0.5,0.5,1.0,1.0,0.6,1.0,0.5,1.0,0.6,0.5,1.0,0.6,0.2,1.0,0.6,0.2,0.6
DeepSeek-V3-slice-jp64-gguf,0.1,0.1,0.1,0.1,0.1,0.1,0.1,0.1,0.1,0.0,1.0,1.0,1.0,1.0,1.0,0.4,0.6,0.5,0.1,0.1,1.0,1.0,1.0,1.0,1.0,0.4,1.0,1.0,0.7,1.0,1.0,1.0,1.0,1.0,1.0,0.5,0.9,0.7,0.2,0.1,1.0,0.8,1.0,0.8,1.0,0.1,0.1,0.1,0.1,0.1,0.0,0.7,0.0,0.6,0.2,1.0,0.8,0.8,0.8,1.0,0.1,0.1,0.1,1.0,1.0,0.2,0.3,0.7,1.0,0.5,0.1,0.1,0.1,0.1,0.1,0.3,0.1,0.1,0.1,0.4,0.1,1.0,1.0,0.4,0.7,0.1,0.1,0.1,,0.1,0.0,0.0,0.2,1.0,0.1,0.2,0.2,0.1,0.0,0.7,0.3,0.6,0.3,0.4,0.1,0.5,0.1,0.1,0.1,0.1,0.1,0.2,0.5,0.4,0.1,1.0,0.2,0.6,0.6,0.6
Deepreneur__blue-lizard,0.1,0.0,0.1,0.1,0.1,,0.1,0.1,0.1,0.4,1.0,1.0,1.0,0.1,0.8,0.0,0.0,0.4,,0.0,0.6,0.2,0.7,0.6,0.7,0.2,0.8,0.3,0.6,0.6,0.5,0.3,0.3,0.6,0.9,0.3,1.0,0.7,0.2,0.5,0.8,0.9,0.6,0.1,0.9,0.1,0.0,0.1,0.0,0.1,0.1,0.3,0.3,0.5,0.7,0.3,0.6,0.3,1.0,0.6,0.1,0.1,0.7,0.1,0.1,0.4,0.3,0.6,0.6,0.6,0.1,0.1,0.1,0.1,0.1,0.0,0.1,0.1,0.1,0.1,0.7,0.1,0.6,0.4,0.5,0.1,0.1,0.1,0.1,0.5,0.0,0.4,0.1,0.1,0.0,0.1,0.1,0.3,0.0,0.6,0.1,0.0,0.1,0.1,0.3,0.1,0.1,0.0,0.7,0.3,0.4,0.0,0.1,0.3,0.1,0.2,0.2,0.6,0.6,0.6
FuseAI__FuseO1-DeepSeekR1-QwQ-SkyT1-32B-Preview,0.1,0.0,0.1,0.1,0.1,0.9,0.0,0.1,0.1,0.0,1.0,1.0,1.0,1.0,1.0,1.0,0.7,0.8,1.0,0.8,0.9,1.0,1.0,1.0,1.0,1.0,1.0,1.0,0.9,1.0,1.0,1.0,0.9,0.9,1.0,1.0,1.0,0.9,0.9,0.9,1.0,1.0,1.0,1.0,0.9,0.1,0.0,0.0,0.0,0.0,0.9,0.6,0.7,0.6,1.0,1.0,1.0,0.8,0.7,1.0,0.1,0.9,0.4,0.0,1.0,0.8,0.7,0.5,0.8,0.3,0.1,0.4,0.1,0.1,0.1,0.0,0.6,0.1,1.0,1.0,0.0,1.0,1.0,1.0,0.5,0.9,0.9,1.0,0.7,0.0,0.5,0.3,0.9,1.0,0.1,0.6,1.0,0.3,0.5,0.1,0.8,0.6,0.0,0.4,0.0,0.5,0.3,0.4,1.0,0.2,0.7,0.4,0.7,0.1,0.4,1.0,0.2,0.6,0.2,0.6
Llama-3.1-Tulu-3-405B-FP8-Dynamic,0.5,1.0,1.0,0.1,1.0,0.1,0.1,0.3,0.3,0.1,1.0,1.0,1.0,1.0,1.0,1.0,1.0,1.0,0.1,1.0,1.0,1.0,1.0,1.0,1.0,1.0,1.0,1.0,1.0,1.0,1.0,1.0,1.0,1.0,1.0,1.0,1.0,1.0,0.9,0.9,1.0,1.0,1.0,1.0,1.0,0.1,1.0,0.7,0.5,0.5,1.0,0.8,1.0,0.8,1.0,1.0,0.7,1.0,1.0,1.0,1.0,1.0,0.4,1.0,1.0,1.0,1.0,0.9,0.8,1.0,0.5,0.7,0.1,0.5,0.1,0.3,0.6,0.8,1.0,0.5,0.9,1.0,1.0,1.0,1.0,0.1,0.6,0.1,0.1,0.5,0.7,0.7,1.0,1.0,0.9,0.2,1.0,0.3,0.6,1.0,0.5,0.6,1.0,0.5,0.5,0.5,1.0,0.6,1.0,0.5,0.3,0.4,0.7,0.7,0.1,1.0,1.0,0.6,0.6,0.6
Mistral-Nemo-Japanese-Instruct-2408-FP8,0.5,0.3,0.1,0.1,,0.1,0.3,0.3,0.3,0.1,1.0,1.0,1.0,1.0,1.0,1.0,0.7,0.8,0.1,1.0,1.0,1.0,1.0,1.0,1.0,1.0,1.0,1.0,1.0,1.0,1.0,1.0,1.0,0.9,1.0,0.9,1.0,1.0,0.6,0.8,1.0,1.0,1.0,1.0,1.0,0.1,1.0,,0.1,1.0,0.9,0.7,0.7,0.7,0.2,1.0,0.8,1.0,1.0,1.0,0.1,0.1,0.1,1.0,1.0,0.9,1.0,1.0,1.0,1.0,0.9,0.5,0.1,0.1,0.1,0.1,0.1,0.6,0.6,0.1,0.3,1.0,1.0,1.0,1.0,0.1,1.0,0.1,0.1,0.6,1.0,1.0,1.0,1.0,0.9,0.2,0.8,0.1,1.0,0.3,0.5,0.4,0.3,0.4,0.3,0.5,1.0,0.6,1.0,0.5,0.7,0.1,0.2,0.1,0.1,1.0,0.6,0.6,0.2,0.6
Mistral-Nemo-Japanese-Instruct-2408-GPTQ-w4a16-gs128,0.5,0.3,0.1,0.1,1.0,1.0,0.5,0.3,0.3,0.3,1.0,1.0,1.0,1.0,1.0,1.0,1.0,0.8,0.3,1.0,0.9,1.0,1.0,1.0,1.0,1.0,1.0,1.0,1.0,1.0,1.0,1.0,1.0,0.9,1.0,0.9,1.0,1.0,0.6,0.8,1.0,1.0,1.0,1.0,1.0,0.1,1.0,0.8,0.3,0.2,0.9,0.6,0.7,0.7,0.2,1.0,1.0,0.8,1.0,1.0,0.1,0.1,0.4,1.0,1.0,0.9,0.8,0.9,1.0,1.0,1.0,0.5,0.1,0.1,0.1,0.1,0.1,0.6,0.7,0.1,0.1,1.0,1.0,1.0,0.8,0.7,1.0,0.1,0.1,0.8,1.0,1.0,1.0,1.0,0.9,0.1,1.0,0.1,1.0,0.1,0.5,0.4,0.1,0.3,0.8,0.5,0.8,0.4,1.0,0.5,0.1,0.4,0.6,0.1,0.1,1.0,1.0,0.6,0.6,0.6
Mistral-Nemo-Japanese-Instruct-2408-GPTQ-w4a16-gs32,0.5,0.6,0.1,0.1,1.0,0.1,0.5,0.3,0.1,0.0,1.0,1.0,1.0,1.0,1.0,1.0,1.0,0.8,0.1,0.8,1.0,1.0,1.0,1.0,1.0,1.0,1.0,1.0,1.0,1.0,1.0,1.0,0.7,0.9,1.0,1.0,1.0,1.0,0.8,0.9,1.0,1.0,1.0,1.0,1.0,0.1,1.0,1.0,0.1,0.1,1.0,0.7,0.7,0.6,0.2,1.0,0.8,1.0,1.0,1.0,0.1,0.1,0.4,1.0,1.0,0.9,0.8,1.0,1.0,1.0,1.0,0.3,0.1,0.1,0.1,0.1,0.1,0.6,0.5,0.2,0.1,1.0,1.0,1.0,1.0,0.1,1.0,0.1,0.1,1.0,1.0,1.0,1.0,1.0,0.9,0.2,0.8,0.3,0.4,0.2,0.5,0.4,0.3,0.3,0.4,0.5,1.0,0.4,1.0,0.5,0.8,0.1,0.2,0.1,0.1,1.0,0.6,0.6,0.6,0.6
Mistral-Nemo-Japanese-Instruct-2408-GPTQ-w4a16-gs32-noact,0.5,1.0,1.0,0.1,1.0,1.0,0.6,0.3,0.1,0.1,1.0,1.0,1.0,1.0,1.0,0.8,1.0,1.0,0.1,1.0,0.6,1.0,1.0,1.0,1.0,1.0,0.9,1.0,1.0,1.0,1.0,1.0,1.0,0.9,1.0,0.9,1.0,1.0,0.9,0.8,1.0,1.0,1.0,1.0,1.0,0.1,1.0,0.1,0.1,0.5,0.9,0.6,1.0,0.7,1.0,1.0,0.8,1.0,1.0,1.0,0.1,0.1,0.1,1.0,1.0,1.0,1.0,1.0,1.0,1.0,1.0,0.7,0.1,0.1,0.1,0.1,0.1,0.6,0.7,0.3,0.1,1.0,1.0,1.0,1.0,0.1,0.6,0.1,0.1,1.0,0.4,1.0,1.0,1.0,0.8,0.1,0.8,0.3,0.2,0.5,0.5,0.4,0.3,0.3,0.2,0.5,1.0,0.4,1.0,0.5,0.7,0.3,0.5,0.1,0.1,1.0,0.6,0.6,0.2,1.0
Mistral-Nemo-Japanese-Instruct-2408-W8A8,0.5,1.0,1.0,0.1,1.0,1.0,0.1,0.1,0.1,0.1,1.0,1.0,1.0,1.0,1.0,0.8,0.7,1.0,0.1,1.0,1.0,1.0,1.0,1.0,1.0,1.0,1.0,1.0,1.0,1.0,1.0,1.0,1.0,0.9,1.0,0.9,1.0,1.0,0.9,0.9,1.0,1.0,1.0,1.0,1.0,0.1,1.0,1.0,0.1,0.5,0.9,0.7,0.7,0.7,0.2,1.0,0.8,1.0,1.0,1.0,0.1,0.4,0.4,1.0,1.0,1.0,0.8,1.0,1.0,1.0,1.0,0.7,0.1,0.1,0.1,0.3,0.1,0.4,1.0,0.2,0.1,1.0,1.0,1.0,0.7,0.1,0.6,0.1,0.1,0.6,1.0,1.0,1.0,1.0,0.9,0.1,1.0,0.1,1.0,0.4,0.5,0.4,0.1,0.3,0.5,0.5,1.0,0.3,1.0,0.4,0.8,0.2,0.6,0.1,0.1,1.0,1.0,0.6,0.2,0.6
Mistral-Nemo-Japanese-Instruct-2408-q4f16_1-MLC,,0.1,1.0,0.1,0.1,0.9,0.5,0.3,0.3,0.0,1.0,1.0,1.0,1.0,1.0,1.0,0.8,0.4,0.1,0.6,1.0,1.0,1.0,1.0,1.0,1.0,1.0,1.0,1.0,1.0,1.0,1.0,0.7,1.0,1.0,0.9,0.9,1.0,0.9,0.8,1.0,1.0,1.0,1.0,1.0,0.1,,0.1,0.1,0.1,0.9,0.6,1.0,0.4,0.0,1.0,0.8,0.9,1.0,1.0,0.1,0.1,0.1,1.0,0.1,0.9,0.8,1.0,0.7,0.8,0.5,0.3,0.1,0.1,0.1,0.0,0.1,0.6,0.7,0.1,0.3,1.0,1.0,1.0,1.0,0.1,0.1,0.1,0.1,0.6,0.9,0.0,0.6,1.0,0.6,0.1,0.1,0.1,1.0,0.7,0.4,0.3,0.1,0.1,0.1,0.1,0.4,0.4,1.0,0.4,1.0,0.1,0.2,0.1,0.1,1.0,0.2,0.6,0.2,1.0
Nexusflow__Athene-V2-Chat,1.0,1.0,1.0,0.1,1.0,1.0,0.1,0.3,1.0,0.1,1.0,1.0,1.0,1.0,1.0,1.0,1.0,1.0,0.2,1.0,1.0,1.0,1.0,1.0,1.0,1.0,1.0,1.0,1.0,1.0,1.0,1.0,1.0,1.0,1.0,1.0,1.0,1.0,0.9,0.9,1.0,1.0,1.0,1.0,1.0,0.1,1.0,0.1,0.5,0.3,1.0,0.7,1.0,0.7,1.0,1.0,1.0,1.0,1.0,1.0,0.1,1.0,0.4,1.0,1.0,1.0,0.8,0.2,0.9,1.0,1.0,0.2,0.1,0.1,0.1,0.1,0.6,0.4,1.0,1.0,0.9,1.0,1.0,1.0,1.0,0.7,0.1,0.1,0.1,1.0,1.0,0.4,0.8,1.0,1.0,0.1,1.0,0.3,1.0,1.0,0.8,0.8,0.3,0.5,0.5,0.5,1.0,0.4,1.0,0.8,0.1,0.4,0.9,0.7,0.3,0.2,0.6,0.6,0.2,1.0
Nexusflow__Starling-LM-7B-beta,0.5,0.1,0.1,0.1,0.1,0.1,0.5,0.1,0.1,0.1,1.0,1.0,0.9,0.6,1.0,0.1,0.7,1.0,1.0,0.5,1.0,1.0,1.0,1.0,1.0,1.0,1.0,1.0,1.0,0.6,1.0,1.0,0.3,0.9,0.2,0.7,1.0,0.8,0.6,0.3,1.0,1.0,1.0,0.6,1.0,0.1,0.1,0.1,0.3,0.1,0.9,0.4,0.7,0.8,1.0,1.0,0.8,1.0,0.8,1.0,0.1,0.1,0.4,0.4,1.0,0.5,0.5,0.7,0.6,0.4,0.2,0.7,0.1,0.1,0.1,0.1,0.6,0.1,0.1,0.0,0.1,1.0,1.0,0.8,0.7,0.7,0.6,0.1,0.1,0.6,1.0,0.5,1.0,1.0,0.5,0.6,0.1,0.1,1.0,0.6,0.4,0.4,0.1,0.3,0.3,0.5,0.1,0.1,0.2,0.3,0.2,0.0,0.2,0.1,0.1,1.0,0.2,0.6,0.6,0.6
NousResearch__Hermes-3-Llama-3.1-405B,0.5,1.0,1.0,0.1,1.0,0.3,0.6,0.3,0.3,0.3,1.0,1.0,1.0,1.0,1.0,1.0,1.0,1.0,1.0,0.8,1.0,1.0,1.0,1.0,1.0,1.0,1.0,1.0,1.0,0.6,0.5,1.0,1.0,0.8,1.0,1.0,0.8,1.0,0.9,0.8,1.0,1.0,1.0,1.0,1.0,0.1,0.9,0.1,0.3,0.5,1.0,0.6,1.0,0.8,1.0,1.0,0.7,1.0,1.0,1.0,0.1,0.4,0.1,0.1,1.0,1.0,0.8,1.0,0.8,0.8,0.5,0.1,0.1,0.1,0.1,0.3,1.0,0.8,0.7,0.3,0.7,1.0,1.0,1.0,1.0,0.7,1.0,0.1,0.1,0.8,0.3,0.7,0.8,0.7,0.8,0.2,1.0,0.3,0.6,0.4,0.5,0.6,0.5,0.5,0.5,0.5,0.7,0.5,1.0,0.5,0.2,0.4,1.0,0.7,0.8,0.2,1.0,0.6,0.2,0.6
Qwen__Qwen1.5-14B-Chat,0.1,0.2,1.0,0.3,0.1,0.9,0.5,0.1,0.1,0.1,1.0,1.0,1.0,1.0,1.0,0.7,1.0,1.0,0.1,0.4,1.0,1.0,1.0,1.0,1.0,1.0,1.0,1.0,1.0,1.0,1.0,1.0,1.0,1.0,0.8,1.0,1.0,0.6,0.9,0.8,1.0,1.0,1.0,0.7,1.0,0.1,0.1,0.1,0.3,0.1,0.9,0.5,0.6,0.2,0.2,1.0,0.5,1.0,1.0,1.0,0.1,0.1,0.1,1.0,1.0,0.6,0.8,1.0,1.0,1.0,1.0,0.3,0.7,0.1,0.1,0.1,0.6,0.1,0.4,0.0,0.1,1.0,1.0,1.0,0.7,0.7,0.1,0.7,0.1,0.6,0.0,0.9,1.0,1.0,1.0,0.6,0.1,0.1,1.0,0.8,0.4,0.6,0.3,0.4,0.6,0.5,0.1,0.4,1.0,0.5,0.3,0.1,0.5,0.1,0.4,1.0,0.2,0.6,0.2,0.6
Qwen__Qwen1.5-32B-Chat,0.5,0.3,0.9,0.3,1.0,0.9,0.1,0.1,0.3,0.1,1.0,1.0,,1.0,1.0,1.0,1.0,1.0,0.1,1.0,0.5,1.0,1.0,1.0,1.0,1.0,1.0,1.0,1.0,1.0,0.5,0.8,0.6,0.8,1.0,1.0,1.0,0.8,0.8,0.9,1.0,1.0,1.0,1.0,1.0,0.1,1.0,0.3,0.3,0.2,1.0,0.5,1.0,0.4,1.0,1.0,0.9,1.0,1.0,1.0,0.1,0.1,0.1,0.4,1.0,0.6,1.0,0.8,1.0,1.0,0.2,0.5,0.7,0.1,0.1,0.1,0.6,0.3,0.8,0.2,0.1,0.9,0.8,1.0,1.0,0.7,0.1,1.0,0.7,0.1,0.0,0.6,0.9,1.0,0.5,0.1,0.4,0.1,0.8,0.8,0.5,0.2,0.1,0.3,0.2,0.5,0.3,0.5,1.0,0.4,0.3,0.4,0.5,0.1,0.1,1.0,0.6,0.6,0.2,0.6
Qwen__Qwen1.5-72B-Chat,0.5,0.3,1.0,0.3,1.0,0.3,0.3,0.1,0.3,0.7,1.0,1.0,1.0,1.0,1.0,0.7,1.0,0.8,0.1,0.2,1.0,1.0,1.0,1.0,1.0,1.0,1.0,1.0,1.0,1.0,1.0,1.0,1.0,0.8,1.0,1.0,1.0,0.8,0.9,0.4,1.0,1.0,1.0,1.0,1.0,0.1,1.0,0.4,0.1,0.4,1.0,0.6,0.6,0.7,1.0,1.0,0.8,1.0,1.0,1.0,0.1,0.4,0.4,1.0,1.0,1.0,1.0,0.8,1.0,1.0,0.2,0.7,0.1,0.1,0.1,0.1,0.6,0.1,0.7,0.2,0.3,1.0,1.0,1.0,1.0,0.7,0.1,0.1,0.1,0.8,0.0,1.0,0.9,1.0,1.0,0.8,0.8,0.1,1.0,1.0,0.4,0.4,0.3,0.1,0.1,0.1,0.7,0.4,1.0,0.8,0.1,0.4,0.9,0.5,0.2,1.0,0.6,0.6,0.6,1.0
Qwen__Qwen1.5-7B-Chat,0.5,0.1,1.0,0.2,0.0,0.0,0.1,0.0,0.1,0.4,1.0,0.9,1.0,0.9,1.0,0.5,0.1,0.8,0.1,1.0,1.0,1.0,0.9,0.8,1.0,1.0,0.9,0.9,1.0,1.0,1.0,1.0,0.5,1.0,1.0,0.7,1.0,0.8,0.8,0.5,0.9,0.4,1.0,0.6,1.0,0.1,0.1,0.1,0.0,0.1,0.8,0.5,0.3,0.7,1.0,1.0,0.4,0.9,1.0,0.9,0.1,0.1,0.1,0.9,1.0,0.5,1.0,0.6,1.0,0.7,0.2,0.5,0.1,0.1,0.1,0.1,0.1,0.1,0.2,0.3,0.1,1.0,1.0,1.0,0.0,0.7,0.6,0.1,0.7,0.8,0.0,0.0,1.0,0.9,0.5,0.1,0.0,0.1,0.9,0.6,0.5,0.4,0.1,0.1,0.1,0.5,0.1,0.4,0.1,0.4,0.1,0.1,0.1,0.3,0.4,1.0,0.2,0.6,0.2,0.6
Qwen__Qwen2-7B-Instruct,1.0,0.3,1.0,0.1,0.3,0.1,0.1,0.1,0.3,0.1,1.0,1.0,1.0,1.0,1.0,1.0,1.0,1.0,0.1,0.4,1.0,1.0,1.0,1.0,1.0,1.0,1.0,1.0,1.0,1.0,1.0,1.0,1.0,1.0,1.0,1.0,1.0,0.8,0.6,0.9,1.0,1.0,1.0,1.0,0.8,0.1,1.0,0.5,0.1,0.4,1.0,0.6,1.0,0.6,0.0,1.0,0.8,1.0,1.0,0.8,0.1,1.0,0.4,1.0,1.0,0.9,0.8,0.8,1.0,1.0,0.5,0.5,0.1,0.1,0.3,0.1,0.6,0.1,0.1,0.6,0.1,1.0,0.4,1.0,0.7,0.7,0.1,0.7,0.1,0.6,0.8,0.7,0.9,1.0,0.5,0.1,0.1,0.1,0.4,0.5,0.4,0.4,0.1,0.3,0.6,0.5,0.3,0.4,1.0,0.4,0.2,0.0,0.2,0.5,0.1,1.0,1.0,0.6,0.6,1.0
Qwen__Qwen2.5-32B-Instruct,0.5,1.0,1.0,0.0,1.0,1.0,0.6,0.3,0.1,0.1,1.0,1.0,1.0,1.0,1.0,1.0,1.0,1.0,0.2,1.0,1.0,1.0,1.0,1.0,1.0,1.0,1.0,1.0,1.0,1.0,1.0,1.0,1.0,0.9,1.0,1.0,1.0,1.0,0.9,0.8,1.0,1.0,1.0,1.0,1.0,0.5,0.8,0.1,0.1,0.2,0.9,0.7,1.0,0.7,1.0,1.0,1.0,1.0,1.0,1.0,1.0,1.0,1.0,1.0,1.0,0.9,0.8,0.9,1.0,1.0,0.5,0.4,0.1,0.1,0.1,0.3,0.1,0.8,1.0,0.6,0.9,1.0,1.0,1.0,0.5,0.7,0.6,0.1,0.1,0.8,1.0,0.0,0.9,1.0,1.0,0.6,0.2,0.3,1.0,0.7,0.4,0.6,0.8,0.6,0.4,0.1,1.0,0.6,1.0,0.5,0.7,0.6,0.2,0.7,0.1,1.0,1.0,0.6,0.2,0.6
Qwen__Qwen2.5-72B-Instruct,0.5,1.0,1.0,0.1,1.0,0.1,0.4,0.3,0.5,0.1,1.0,1.0,1.0,1.0,1.0,1.0,1.0,1.0,0.2,1.0,1.0,1.0,1.0,1.0,1.0,1.0,1.0,1.0,1.0,1.0,1.0,1.0,1.0,0.8,1.0,1.0,1.0,1.0,0.9,0.9,1.0,1.0,1.0,1.0,1.0,0.7,1.0,0.1,0.6,0.0,1.0,0.7,1.0,0.8,1.0,1.0,0.8,1.0,1.0,1.0,0.1,1.0,1.0,1.0,1.0,1.0,0.7,0.8,0.7,1.0,1.0,0.5,0.1,0.1,0.1,0.1,0.6,0.4,1.0,0.6,0.9,1.0,1.0,1.0,1.0,0.7,0.1,0.1,0.1,1.0,1.0,0.0,0.9,1.0,1.0,0.2,0.4,0.3,1.0,0.4,0.8,0.8,0.3,0.5,0.5,0.5,1.0,0.4,1.0,0.5,1.0,0.4,0.9,0.7,0.4,0.2,0.6,0.6,0.2,1.0
Rakuten__RakutenAI-7B-chat,0.7,0.3,0.3,0.1,0.3,0.6,0.1,0.1,0.1,0.1,1.0,0.9,1.0,1.0,1.0,0.5,0.1,0.9,0.1,0.0,0.6,1.0,0.6,0.8,1.0,0.2,1.0,0.8,0.6,0.8,0.5,0.6,0.3,0.3,1.0,0.4,1.0,0.3,0.6,0.3,1.0,1.0,1.0,1.0,1.0,0.1,0.1,0.1,0.1,0.1,0.5,0.4,1.0,0.4,1.0,1.0,0.7,1.0,0.7,0.3,0.1,1.0,0.7,1.0,1.0,1.0,0.8,1.0,0.5,1.0,0.7,0.7,0.1,0.5,0.1,0.1,0.1,0.5,0.5,0.9,0.3,1.0,0.5,1.0,0.1,0.6,0.1,0.1,0.7,0.1,0.0,0.8,0.0,1.0,0.5,0.0,1.0,0.3,0.2,0.7,0.1,0.6,0.3,0.1,0.3,0.1,0.8,0.6,0.4,0.5,0.1,0.3,0.1,0.6,0.1,0.2,0.2,0.6,0.6,0.6
THUDM__glm-4-9b-chat,0.3,0.8,,0.1,0.0,,0.1,0.3,0.1,0.1,1.0,1.0,1.0,1.0,1.0,,1.0,0.1,0.0,,1.0,1.0,1.0,1.0,1.0,0.2,0.9,1.0,1.0,1.0,1.0,1.0,1.0,1.0,1.0,,,,0.9,,1.0,1.0,1.0,1.0,1.0,0.1,1.0,0.1,,0.2,,0.9,0.3,0.7,,1.0,0.8,1.0,0.8,0.0,0.1,0.1,0.1,1.0,1.0,0.1,0.7,0.9,1.0,0.8,0.1,0.0,0.1,0.1,0.1,0.1,0.1,0.1,0.4,0.5,0.3,1.0,1.0,1.0,1.0,0.1,,0.1,0.1,0.6,0.0,0.0,0.0,1.0,0.0,0.2,0.8,0.3,1.0,1.0,0.4,0.6,0.1,0.3,0.3,0.9,0.1,0.3,1.0,0.4,0.1,0.0,0.2,0.6,0.1,0.2,0.6,0.6,0.6,0.2
__fsx__ubuntu__meti__train__outputs__shisa-v1-tulu3.1-8b,0.1,0.0,0.1,0.0,0.0,0.4,0.0,0.1,0.0,0.0,1.0,1.0,1.0,0.1,,0.0,0.0,0.8,0.7,0.9,0.1,0.9,0.0,1.0,1.0,0.1,1.0,1.0,1.0,1.0,0.9,0.9,0.8,0.0,0.6,,,0.0,0.0,0.0,1.0,1.0,1.0,1.0,1.0,0.1,0.6,0.1,0.1,0.0,0.8,,0.0,0.2,,1.0,0.5,0.7,0.8,1.0,0.1,0.1,0.1,1.0,0.0,0.2,0.2,0.0,0.6,0.7,0.0,0.0,0.0,0.1,0.1,0.0,0.1,0.3,0.0,0.0,0.0,0.8,0.5,0.1,0.7,0.6,0.0,0.1,0.7,0.5,1.0,0.0,0.5,0.0,0.0,0.0,0.1,0.0,0.1,0.1,0.0,0.0,0.0,0.1,0.0,0.1,0.0,0.0,0.0,0.0,0.0,0.0,0.0,0.0,0.0,0.8,0.6,0.6,0.6,0.2
ablation-02-llama31-shisa-v2-llama3.1-8b.lr-8e6,0.1,0.3,1.0,0.1,0.7,0.1,0.1,0.5,0.1,0.1,1.0,1.0,1.0,0.6,1.0,0.8,0.1,0.9,0.2,0.3,0.6,1.0,0.9,1.0,1.0,1.0,1.0,1.0,1.0,0.8,0.5,0.9,0.8,1.0,0.8,0.4,0.3,0.7,0.4,0.6,1.0,0.9,1.0,1.0,1.0,0.1,1.0,0.0,0.1,0.1,0.8,0.6,0.7,0.7,0.9,1.0,0.7,1.0,1.0,1.0,0.1,0.0,0.1,1.0,0.1,0.9,0.8,1.0,0.6,1.0,0.2,0.0,0.1,0.5,0.1,0.1,0.1,0.1,0.1,0.2,0.3,1.0,1.0,0.4,0.7,0.7,0.1,0.7,0.7,0.6,1.0,0.6,0.4,1.0,0.0,0.2,0.8,0.1,0.1,0.1,0.3,0.3,0.1,0.1,0.6,0.5,0.1,0.4,0.2,0.3,0.7,0.0,0.1,0.1,0.1,0.2,0.2,0.6,0.2,0.2
ablation-60-a55.dpo.enja-shisa-v2-llama-3.1-8b,0.0,0.5,1.0,0.1,0.3,0.1,0.1,0.1,0.1,0.1,1.0,1.0,1.0,1.0,1.0,0.8,0.6,1.0,0.1,0.8,1.0,1.0,1.0,1.0,1.0,0.1,1.0,1.0,1.0,1.0,1.0,1.0,1.0,1.0,1.0,0.9,1.0,0.8,0.6,0.8,1.0,1.0,1.0,1.0,1.0,0.1,0.4,0.1,0.1,0.0,0.9,0.7,1.0,0.7,1.0,1.0,0.8,1.0,0.8,1.0,0.1,1.0,1.0,1.0,1.0,0.9,0.8,0.9,1.0,1.0,0.3,0.5,0.1,0.1,0.1,0.3,0.1,0.4,0.8,0.2,0.3,1.0,1.0,1.0,1.0,1.0,0.1,0.7,1.0,1.0,1.0,0.0,0.8,1.0,0.1,0.4,1.0,0.1,0.7,1.0,0.5,0.6,0.1,0.3,0.1,0.5,0.7,0.4,1.0,0.4,0.2,0.1,0.2,0.4,0.1,1.0,0.2,0.6,0.2,0.2
allenai__Llama-3.1-Tulu-3-70B,1.0,0.7,1.0,0.1,1.0,0.1,0.1,0.3,0.3,0.1,1.0,1.0,1.0,1.0,1.0,1.0,0.6,0.8,0.4,1.0,1.0,1.0,1.0,1.0,1.0,1.0,1.0,1.0,1.0,1.0,1.0,1.0,1.0,1.0,1.0,1.0,1.0,0.8,0.9,0.9,1.0,1.0,1.0,1.0,1.0,0.1,1.0,0.1,0.1,0.3,1.0,0.7,1.0,0.6,1.0,1.0,0.8,0.9,0.8,1.0,0.1,1.0,0.4,1.0,1.0,1.0,0.8,0.9,1.0,1.0,0.5,0.7,0.3,0.5,0.1,0.1,0.1,1.0,1.0,0.9,0.8,1.0,1.0,1.0,1.0,0.7,0.1,1.0,0.7,1.0,1.0,0.0,1.0,1.0,0.9,0.1,0.4,0.3,1.0,0.8,0.5,0.8,0.8,0.5,0.5,0.5,1.0,0.6,1.0,0.5,0.2,0.6,1.0,0.7,0.1,0.2,1.0,0.6,0.2,1.0
allenai__Llama-3.1-Tulu-3-8B,0.1,0.5,1.0,0.1,0.3,0.1,0.5,0.1,0.1,0.1,1.0,1.0,1.0,1.0,1.0,0.7,0.8,0.8,0.1,0.1,1.0,1.0,1.0,1.0,1.0,1.0,1.0,1.0,1.0,1.0,1.0,1.0,0.8,0.9,1.0,0.9,1.0,0.8,0.9,0.4,1.0,1.0,1.0,1.0,1.0,0.1,0.6,0.1,0.1,0.1,1.0,0.6,0.7,0.7,1.0,1.0,0.7,1.0,0.8,1.0,0.4,1.0,1.0,1.0,1.0,0.9,0.8,0.9,0.7,1.0,0.5,0.1,0.1,0.1,0.1,0.1,0.1,0.4,0.4,0.2,0.1,1.0,1.0,1.0,0.6,0.1,0.1,0.7,0.7,0.6,1.0,0.0,0.4,1.0,0.1,0.6,0.8,0.1,1.0,0.4,0.5,0.3,0.1,0.1,0.1,0.5,1.0,0.4,0.2,0.5,0.1,0.1,0.2,0.5,0.1,0.2,0.2,0.6,0.6,1.0
allenai__OLMo-2-1124-13B-Instruct,0.1,0.2,0.1,0.1,0.1,0.1,0.4,0.3,0.1,0.1,1.0,1.0,1.0,0.6,0.8,0.5,0.8,1.0,0.1,0.7,1.0,1.0,1.0,1.0,1.0,0.2,1.0,1.0,1.0,1.0,1.0,1.0,0.5,0.8,0.9,0.7,1.0,0.6,0.5,0.6,1.0,1.0,1.0,0.8,1.0,0.1,0.1,0.1,0.1,0.1,0.9,0.6,0.6,0.5,0.2,1.0,0.7,0.1,1.0,1.0,1.0,0.1,1.0,1.0,1.0,0.3,0.8,0.7,0.5,1.0,0.1,0.2,0.1,0.1,0.1,0.0,0.6,0.1,0.5,0.1,0.1,1.0,0.4,0.4,1.0,0.1,0.1,0.1,0.7,0.1,0.5,0.5,0.8,1.0,0.0,0.2,0.1,0.3,0.3,0.8,0.4,0.2,0.1,0.1,0.1,0.5,0.7,0.2,0.7,0.1,0.1,0.1,0.1,0.4,0.1,1.0,0.2,0.6,0.6,0.6
allenai__OLMo-2-1124-7B-Instruct,0.1,0.0,0.1,0.1,0.0,0.0,0.0,0.1,0.1,0.1,0.9,0.9,1.0,0.5,0.9,0.4,0.8,0.3,0.1,0.7,0.9,1.0,0.9,1.0,1.0,1.0,1.0,0.9,0.7,0.7,0.9,0.9,0.4,0.1,0.5,0.8,0.7,0.5,0.0,0.2,0.9,0.9,1.0,0.4,1.0,0.1,0.1,0.1,0.1,0.1,0.9,0.4,0.3,0.5,0.9,1.0,0.4,0.0,0.8,0.4,0.1,0.1,1.0,1.0,0.1,0.3,0.7,0.3,0.5,0.5,0.1,0.0,0.0,0.1,0.1,0.1,0.6,0.1,0.0,0.1,0.2,0.3,0.6,1.0,0.2,0.1,0.1,0.0,0.1,0.0,0.0,0.0,0.3,0.9,0.0,0.0,0.1,0.1,0.0,0.1,0.1,0.4,0.0,0.1,0.1,0.0,0.0,0.2,0.0,0.0,0.1,0.1,0.1,0.3,0.1,0.2,0.2,0.6,0.2,0.6
augmxnt__shisa-7b-v1,0.1,0.1,0.1,0.1,0.1,0.1,0.5,0.1,0.1,0.4,1.0,1.0,1.0,0.1,0.5,0.1,0.6,0.3,0.0,0.1,1.0,1.0,1.0,1.0,1.0,0.8,0.7,0.1,0.9,0.6,0.2,0.8,1.0,0.8,1.0,0.3,1.0,0.6,0.4,0.4,1.0,1.0,1.0,0.7,1.0,0.1,0.1,0.1,0.1,0.1,0.8,0.5,1.0,0.5,0.9,1.0,0.3,1.0,0.6,1.0,0.1,0.1,0.7,0.1,0.4,0.3,0.8,0.7,0.5,0.5,0.5,0.1,0.1,0.1,0.1,0.1,0.6,0.1,0.2,0.1,0.1,0.5,0.1,0.1,1.0,0.1,0.6,0.1,0.7,0.1,0.0,0.7,1.0,0.3,0.0,0.6,0.8,0.1,0.0,0.5,0.3,0.3,0.1,0.1,0.4,0.5,0.2,0.5,0.8,0.1,0.3,0.2,0.1,0.4,0.1,1.0,0.2,0.6,0.2,0.6
augmxnt__shisa-gamma-7b-v1,0.1,0.0,0.2,0.1,0.1,0.1,0.1,0.1,0.1,0.4,0.9,1.0,0.8,1.0,1.0,1.0,0.1,0.9,0.1,0.1,0.6,1.0,1.0,0.9,1.0,0.1,0.8,1.0,0.9,1.0,1.0,0.5,1.0,0.7,0.8,0.9,1.0,0.8,0.6,0.3,1.0,1.0,1.0,1.0,1.0,0.1,0.1,0.0,0.1,0.1,0.9,0.7,0.0,0.5,1.0,1.0,1.0,1.0,1.0,1.0,0.1,0.1,0.1,0.1,1.0,0.9,0.8,0.5,0.5,0.7,0.1,0.2,0.1,0.1,0.1,0.1,0.1,0.1,0.4,0.0,0.9,0.8,0.8,1.0,0.8,0.7,0.6,0.1,1.0,0.1,1.0,0.0,1.0,1.0,0.5,0.1,1.0,0.3,0.5,0.1,0.4,0.5,0.8,0.6,0.4,0.5,0.7,0.2,0.8,0.5,0.2,0.0,0.5,0.5,0.4,0.6,0.2,0.6,0.2,1.0
basemodel-llama3-70b.8e6,0.5,1.0,1.0,0.1,1.0,1.0,0.6,0.3,0.3,0.1,1.0,1.0,1.0,1.0,1.0,0.8,0.4,1.0,0.1,1.0,1.0,1.0,1.0,1.0,1.0,1.0,1.0,1.0,1.0,0.6,0.5,1.0,0.6,1.0,1.0,0.8,0.4,0.8,0.6,0.8,1.0,1.0,1.0,1.0,1.0,0.1,1.0,0.1,0.1,0.5,0.9,0.7,0.6,0.6,1.0,1.0,0.7,1.0,1.0,1.0,0.1,0.1,0.1,0.4,1.0,0.9,0.8,0.9,0.5,1.0,0.2,0.7,0.1,0.1,0.1,0.1,0.1,0.1,1.0,0.1,0.1,1.0,0.4,0.4,0.7,0.7,0.1,0.7,0.7,0.6,1.0,0.0,0.8,1.0,0.5,0.1,1.0,0.1,1.0,0.2,0.4,0.3,0.8,0.3,0.6,0.1,0.7,0.2,1.0,0.3,0.3,0.0,0.2,0.1,0.1,1.0,0.2,0.6,0.2,0.6
claude-3-5-sonnet-20240620,1.0,1.0,1.0,0.2,1.0,1.0,1.0,0.1,1.0,0.4,1.0,1.0,1.0,1.0,1.0,1.0,1.0,0.9,1.0,1.0,1.0,1.0,1.0,1.0,1.0,1.0,1.0,1.0,1.0,1.0,1.0,0.8,1.0,0.9,1.0,1.0,1.0,1.0,0.9,0.9,1.0,1.0,1.0,1.0,1.0,0.1,1.0,0.3,0.5,1.0,1.0,0.7,1.0,0.9,1.0,1.0,1.0,1.0,1.0,1.0,1.0,1.0,1.0,1.0,1.0,1.0,1.0,1.0,1.0,1.0,1.0,0.7,0.1,0.5,0.1,0.3,0.1,1.0,1.0,0.6,0.9,1.0,1.0,1.0,0.8,1.0,0.1,0.1,0.1,1.0,1.0,1.0,1.0,1.0,1.0,0.4,1.0,0.1,1.0,1.0,0.5,0.8,1.0,0.5,0.5,0.1,1.0,1.0,1.0,0.5,0.7,1.0,0.4,0.7,0.5,1.0,1.0,0.6,0.6,1.0
claude-3-haiku-20240307,1.0,1.0,1.0,0.3,1.0,0.1,0.5,0.1,0.1,0.5,1.0,1.0,1.0,1.0,1.0,1.0,1.0,1.0,0.1,1.0,1.0,1.0,1.0,1.0,1.0,1.0,1.0,1.0,1.0,1.0,1.0,1.0,1.0,0.9,1.0,0.8,0.9,1.0,0.4,0.8,1.0,1.0,1.0,1.0,1.0,0.1,0.2,0.3,0.1,0.5,0.9,0.6,1.0,0.7,1.0,1.0,0.8,1.0,0.8,1.0,1.0,1.0,1.0,1.0,1.0,1.0,1.0,1.0,1.0,1.0,0.3,0.7,0.3,0.1,0.1,0.1,0.6,1.0,1.0,0.5,0.9,1.0,1.0,1.0,0.1,0.1,1.0,0.1,0.1,1.0,1.0,1.0,1.0,1.0,1.0,0.2,1.0,0.1,1.0,1.0,0.5,0.6,0.3,0.1,0.5,0.5,1.0,0.4,1.0,0.5,1.0,0.1,0.2,1.0,0.1,0.6,0.6,0.6,0.2,1.0
claude-3-opus-20240229,1.0,1.0,1.0,0.3,1.0,1.0,1.0,0.1,0.6,0.1,1.0,1.0,1.0,1.0,1.0,1.0,1.0,1.0,1.0,1.0,1.0,1.0,1.0,1.0,1.0,1.0,1.0,1.0,1.0,1.0,1.0,1.0,1.0,0.9,1.0,0.9,1.0,1.0,0.9,1.0,1.0,1.0,1.0,1.0,1.0,0.1,1.0,0.5,1.0,0.5,1.0,0.7,1.0,1.0,1.0,1.0,0.8,1.0,1.0,1.0,1.0,1.0,0.4,1.0,1.0,1.0,0.7,1.0,1.0,1.0,1.0,0.7,0.9,0.5,0.1,0.1,0.1,1.0,1.0,1.0,0.9,1.0,1.0,1.0,0.6,1.0,1.0,0.1,0.1,1.0,1.0,1.0,1.0,1.0,1.0,1.0,1.0,0.3,1.0,0.1,0.5,0.6,1.0,0.4,0.5,0.7,0.3,0.8,1.0,0.7,1.0,0.8,1.0,1.0,0.3,0.2,0.2,0.6,0.2,1.0
claude-3-sonnet-20240229,0.5,1.0,1.0,0.1,1.0,0.3,0.1,0.1,0.1,0.1,1.0,1.0,1.0,1.0,1.0,1.0,1.0,1.0,1.0,0.9,1.0,1.0,1.0,1.0,1.0,1.0,1.0,1.0,1.0,1.0,1.0,1.0,1.0,0.9,1.0,1.0,1.0,1.0,0.9,1.0,1.0,1.0,1.0,1.0,1.0,0.1,1.0,1.0,0.3,0.5,0.9,0.6,1.0,1.0,1.0,1.0,1.0,1.0,1.0,1.0,1.0,1.0,0.4,1.0,1.0,1.0,1.0,0.9,0.6,1.0,1.0,0.5,0.3,0.1,0.1,0.1,0.1,1.0,0.9,0.5,0.1,1.0,1.0,1.0,0.6,0.1,0.1,0.1,0.1,1.0,1.0,1.0,1.0,1.0,0.9,0.4,1.0,0.1,0.6,1.0,0.4,0.6,0.1,0.3,0.5,0.5,1.0,0.6,1.0,0.3,0.8,0.4,0.2,0.5,0.1,0.6,0.6,0.6,0.2,0.6
cognitivecomputations__dolphin-2.9.2-qwen2-7b,0.3,0.1,0.1,0.1,0.1,0.1,0.1,0.1,0.1,0.1,1.0,1.0,1.0,1.0,1.0,0.4,0.3,0.9,0.1,0.6,0.6,1.0,1.0,1.0,1.0,1.0,1.0,0.6,1.0,0.6,1.0,1.0,1.0,1.0,1.0,0.9,1.0,0.3,0.5,0.5,1.0,1.0,1.0,0.7,1.0,0.1,0.4,0.1,0.1,0.3,0.9,0.7,0.7,0.5,1.0,1.0,0.8,1.0,0.6,1.0,0.1,0.1,0.1,0.1,0.1,0.8,0.8,0.8,0.8,1.0,0.1,0.5,0.1,0.1,0.1,0.3,0.1,0.1,0.4,0.4,0.1,1.0,1.0,1.0,0.8,0.7,0.6,0.1,0.7,0.6,1.0,0.1,0.8,1.0,0.5,0.2,0.1,0.3,1.0,1.0,0.5,0.4,0.1,0.3,0.1,0.5,0.6,0.2,0.9,0.5,0.1,0.2,0.5,0.1,0.1,1.0,0.2,0.6,0.2,0.6
cyberagent__Llama-3.1-70B-Japanese-Instruct-2407,0.5,1.0,1.0,0.1,1.0,1.0,0.1,0.1,0.1,0.1,1.0,1.0,1.0,1.0,1.0,0.8,0.7,1.0,0.7,0.6,1.0,1.0,1.0,1.0,1.0,1.0,1.0,1.0,1.0,1.0,1.0,1.0,1.0,0.8,1.0,0.9,1.0,1.0,0.9,0.8,1.0,1.0,1.0,1.0,1.0,0.1,1.0,0.9,0.1,0.1,0.9,0.8,1.0,1.0,1.0,1.0,1.0,1.0,1.0,1.0,0.1,1.0,0.1,1.0,1.0,1.0,1.0,0.8,1.0,1.0,1.0,0.7,0.1,0.3,0.1,0.1,0.1,0.8,1.0,0.5,0.9,1.0,1.0,1.0,1.0,0.1,0.1,0.1,0.1,1.0,1.0,0.8,0.5,1.0,0.9,0.1,1.0,0.3,1.0,1.0,0.8,0.8,0.3,0.5,0.8,1.0,1.0,1.0,1.0,0.5,1.0,0.6,0.6,0.5,0.3,1.0,0.2,0.6,0.2,0.2
cyberagent__Mistral-Nemo-Japanese-Instruct-2408,0.3,0.3,1.0,0.1,0.0,0.1,0.1,0.3,0.1,0.1,1.0,1.0,1.0,1.0,1.0,0.8,0.9,0.6,0.1,0.9,1.0,1.0,1.0,1.0,1.0,1.0,0.8,1.0,1.0,1.0,1.0,1.0,1.0,1.0,1.0,1.0,1.0,1.0,0.9,0.9,1.0,1.0,1.0,1.0,1.0,0.5,0.0,0.1,0.1,0.0,0.9,0.7,1.0,0.5,0.2,1.0,0.8,1.0,1.0,1.0,0.1,0.1,0.4,1.0,1.0,1.0,1.0,0.8,1.0,1.0,0.9,0.7,0.1,0.1,0.1,0.3,0.1,0.6,0.7,0.6,0.1,1.0,1.0,1.0,1.0,0.1,1.0,0.1,0.1,1.0,1.0,0.0,1.0,1.0,0.5,0.1,0.8,0.1,1.0,0.8,0.5,0.6,0.3,0.3,0.4,0.5,0.7,0.4,1.0,0.5,0.8,0.3,0.8,0.1,0.1,1.0,0.2,0.6,0.2,0.2
cyberagent__calm2-7b-chat,0.1,0.1,0.1,0.1,0.1,0.1,0.1,0.1,0.1,0.1,1.0,0.5,1.0,1.0,1.0,0.0,0.7,0.4,1.0,0.1,0.9,0.9,1.0,1.0,1.0,0.5,1.0,0.7,0.4,1.0,1.0,0.5,0.5,0.4,0.8,0.1,1.0,0.3,0.1,0.3,1.0,1.0,1.0,0.6,1.0,0.1,0.1,0.1,0.1,0.1,0.6,0.6,0.3,0.5,0.6,1.0,0.6,0.3,0.9,1.0,0.1,0.1,0.1,0.1,1.0,0.6,0.8,0.7,0.1,0.4,0.6,0.7,0.7,0.5,0.1,0.1,0.1,0.1,0.0,0.5,0.9,1.0,0.4,1.0,0.8,0.1,1.0,0.1,0.1,0.5,0.0,0.0,0.7,1.0,0.0,0.2,0.1,0.3,0.1,0.7,0.3,0.6,0.1,0.4,0.1,0.9,0.1,0.6,0.8,0.5,0.1,0.0,0.2,1.0,0.4,1.0,0.2,0.6,0.2,0.6
dahara1__DeepSeek-R1-Distill-Qwen-14B-unsloth-jpn,0.1,0.0,0.1,0.0,0.0,0.1,0.0,0.1,0.1,0.0,1.0,1.0,1.0,1.0,0.1,1.0,0.0,0.5,0.1,0.7,0.8,0.4,1.0,1.0,1.0,1.0,0.9,1.0,0.6,1.0,1.0,0.1,0.9,0.5,0.2,0.7,1.0,0.7,0.4,0.9,1.0,0.7,0.9,0.0,0.4,0.1,0.1,0.1,0.1,0.1,0.5,0.4,0.3,0.4,0.9,1.0,0.7,0.0,0.5,1.0,1.0,0.1,0.1,0.4,1.0,0.3,0.6,,0.6,0.2,0.1,0.1,0.1,0.1,0.1,0.0,0.0,0.1,0.0,0.0,0.1,0.6,0.0,0.8,0.7,0.7,0.1,0.1,0.7,0.1,0.0,0.0,0.5,1.0,0.1,0.0,0.1,0.1,0.3,0.1,0.2,0.6,0.1,0.0,0.0,0.5,0.0,0.2,0.8,0.2,0.1,0.0,0.5,0.4,0.4,1.0,0.6,0.4,0.2,0.6
deepseek-ai__DeepSeek-R1,1.0,1.0,1.0,1.0,1.0,0.1,1.0,0.3,1.0,0.1,1.0,1.0,1.0,1.0,1.0,1.0,1.0,1.0,0.2,1.0,1.0,1.0,1.0,1.0,1.0,1.0,1.0,1.0,1.0,1.0,1.0,0.8,1.0,1.0,1.0,1.0,0.9,1.0,0.9,1.0,1.0,1.0,1.0,1.0,1.0,0.1,1.0,1.0,1.0,0.7,1.0,0.9,1.0,1.0,0.2,1.0,0.8,1.0,1.0,1.0,1.0,1.0,1.0,1.0,1.0,1.0,1.0,1.0,1.0,1.0,1.0,0.7,0.9,0.3,0.1,0.3,0.1,1.0,1.0,1.0,0.9,1.0,1.0,1.0,1.0,1.0,1.0,0.1,0.1,1.0,1.0,1.0,1.0,1.0,1.0,0.4,1.0,0.1,1.0,0.5,0.8,0.8,1.0,0.5,0.5,1.0,1.0,1.0,1.0,0.5,1.0,1.0,1.0,1.0,0.8,1.0,1.0,0.6,0.6,1.0
deepseek-ai__DeepSeek-V2.5-1210,0.4,0.1,1.0,0.3,,0.2,0.1,0.3,0.5,0.1,1.0,1.0,1.0,1.0,1.0,0.8,0.4,1.0,0.1,0.4,0.9,1.0,1.0,1.0,1.0,1.0,1.0,1.0,1.0,1.0,1.0,1.0,1.0,0.5,1.0,1.0,1.0,0.9,0.9,0.8,1.0,1.0,1.0,1.0,1.0,0.1,0.6,0.3,0.1,0.5,1.0,0.6,1.0,0.7,1.0,1.0,0.8,1.0,1.0,1.0,0.0,0.1,0.1,0.1,1.0,1.0,0.9,0.8,0.9,0.7,0.7,0.5,0.9,0.1,0.1,0.3,0.1,0.8,1.0,0.3,0.9,1.0,1.0,1.0,1.0,0.1,1.0,0.1,0.1,1.0,1.0,0.4,0.7,1.0,0.8,0.2,0.6,0.3,1.0,0.2,0.4,0.6,0.8,0.3,0.5,0.5,1.0,0.4,1.0,0.5,0.8,0.4,0.5,0.7,0.2,1.0,0.6,0.6,0.2,1.0
deepseek-ai__DeepSeek-V3,1.0,1.0,1.0,0.4,1.0,1.0,0.5,0.1,1.0,0.1,1.0,1.0,1.0,1.0,1.0,1.0,1.0,1.0,0.2,1.0,1.0,1.0,1.0,1.0,1.0,1.0,1.0,1.0,1.0,1.0,1.0,1.0,1.0,1.0,1.0,1.0,1.0,1.0,0.9,0.9,1.0,1.0,1.0,1.0,1.0,0.1,1.0,1.0,1.0,0.5,1.0,0.9,1.0,0.8,1.0,1.0,0.8,0.9,1.0,1.0,0.1,0.1,1.0,1.0,1.0,1.0,1.0,1.0,1.0,1.0,1.0,0.7,0.9,0.5,0.1,0.9,0.6,1.0,1.0,0.3,0.9,1.0,1.0,1.0,1.0,0.7,0.1,0.1,1.0,1.0,1.0,1.0,1.0,1.0,1.0,0.2,1.0,0.3,1.0,1.0,0.8,0.6,0.8,0.5,0.5,0.5,1.0,0.6,1.0,0.5,0.7,0.6,0.6,0.7,0.2,0.2,0.6,0.6,0.2,1.0
deepseek-chat,1.0,1.0,1.0,0.5,1.0,0.6,0.1,0.3,1.0,0.1,1.0,1.0,1.0,1.0,1.0,1.0,1.0,1.0,0.2,1.0,1.0,1.0,1.0,1.0,1.0,1.0,1.0,1.0,1.0,1.0,1.0,1.0,1.0,1.0,1.0,1.0,1.0,1.0,0.9,0.9,1.0,1.0,1.0,1.0,1.0,0.1,1.0,1.0,1.0,1.0,1.0,0.9,1.0,0.8,1.0,1.0,0.8,1.0,1.0,1.0,0.1,0.1,1.0,1.0,1.0,1.0,1.0,1.0,1.0,1.0,1.0,0.7,0.9,0.5,0.5,0.5,0.1,0.9,1.0,0.1,0.9,1.0,1.0,1.0,1.0,1.0,0.1,0.1,1.0,1.0,1.0,1.0,1.0,1.0,1.0,0.1,1.0,0.3,1.0,1.0,0.8,0.8,1.0,0.6,0.5,1.0,1.0,0.6,1.0,0.8,0.7,0.6,1.0,0.7,0.4,0.6,1.0,0.6,0.6,0.6
deepseek__deepseek-chat,1.0,1.0,0.1,0.2,1.0,0.1,0.1,0.1,0.1,0.1,1.0,1.0,1.0,1.0,1.0,1.0,1.0,1.0,0.2,1.0,1.0,1.0,1.0,1.0,1.0,1.0,1.0,1.0,1.0,1.0,1.0,1.0,1.0,0.8,1.0,1.0,1.0,0.8,0.9,1.0,1.0,1.0,1.0,1.0,1.0,0.1,1.0,0.3,0.7,1.0,1.0,0.6,1.0,0.7,1.0,1.0,0.8,1.0,1.0,1.0,0.1,1.0,0.1,1.0,1.0,1.0,1.0,0.9,0.8,1.0,0.2,0.7,0.1,0.1,0.1,0.3,0.1,1.0,1.0,0.6,0.9,1.0,1.0,1.0,1.0,0.1,0.1,0.1,0.1,1.0,1.0,1.0,1.0,1.0,1.0,0.1,1.0,1.0,1.0,0.3,1.0,0.4,0.3,0.5,0.5,0.5,1.0,0.6,1.0,0.8,0.2,0.4,1.0,0.7,0.1,0.6,0.6,0.6,0.6,0.6
elyza__ELYZA-japanese-Llama-2-13b-instruct,0.1,0.3,0.1,0.1,0.3,0.1,0.5,0.1,0.1,0.1,0.3,1.0,1.0,1.0,1.0,1.0,1.0,1.0,1.0,0.8,1.0,1.0,1.0,0.9,1.0,0.8,0.4,0.6,0.8,0.8,0.7,0.5,0.6,0.8,1.0,0.4,1.0,0.3,0.3,1.0,1.0,1.0,1.0,1.0,1.0,0.1,0.1,0.1,0.0,0.1,0.0,0.6,0.7,0.5,1.0,1.0,0.3,1.0,0.7,0.8,0.1,0.4,0.7,0.1,0.1,0.6,0.4,0.7,0.8,0.8,0.1,0.3,0.1,0.5,0.1,0.3,0.1,0.5,0.5,0.1,0.3,1.0,1.0,1.0,0.8,1.0,0.1,1.0,0.7,0.1,0.0,0.5,0.9,1.0,0.5,0.2,0.1,0.3,0.6,0.7,0.5,0.4,0.2,0.4,0.4,0.5,0.5,0.4,1.0,0.3,0.7,0.0,0.5,0.7,0.6,0.2,0.2,0.6,0.6,0.6
elyza__Llama-3-ELYZA-JP-8B,0.5,0.0,1.0,0.1,0.1,0.3,0.4,0.1,0.1,0.1,1.0,1.0,1.0,0.9,1.0,1.0,1.0,1.0,0.1,1.0,0.6,1.0,1.0,0.8,1.0,1.0,1.0,1.0,0.8,0.6,1.0,0.9,0.6,0.7,1.0,0.9,1.0,1.0,0.9,0.7,1.0,1.0,1.0,1.0,1.0,0.1,0.1,0.1,0.1,0.1,1.0,0.6,0.7,0.8,1.0,1.0,1.0,1.0,0.6,1.0,0.9,0.9,1.0,0.9,0.4,0.9,1.0,1.0,1.0,1.0,1.0,0.5,0.7,0.1,0.1,0.1,0.1,0.1,0.7,0.3,0.9,1.0,1.0,1.0,1.0,0.1,1.0,0.7,0.1,0.6,0.0,0.4,0.0,0.7,0.5,0.2,1.0,0.1,1.0,1.0,0.5,0.6,0.1,0.5,0.6,0.5,0.6,1.0,1.0,0.5,0.1,0.4,0.5,0.7,0.3,0.2,0.6,0.6,0.6,0.6
fireworks_ai__accounts__fireworks__models__llama-v3p1-405b-instruct,1.0,0.5,1.0,0.1,1.0,0.4,0.4,0.1,0.4,0.1,1.0,1.0,1.0,0.9,1.0,0.8,0.1,0.9,0.2,0.1,0.6,1.0,0.8,1.0,1.0,1.0,1.0,1.0,1.0,0.6,0.5,0.5,1.0,0.7,0.8,0.9,1.0,0.8,0.8,0.3,1.0,1.0,1.0,1.0,1.0,0.1,1.0,0.1,0.1,0.2,1.0,0.6,1.0,0.5,1.0,1.0,1.0,1.0,0.7,1.0,0.1,0.1,0.1,0.1,1.0,0.3,1.0,0.8,1.0,1.0,0.9,0.6,0.7,0.3,0.3,0.1,0.6,0.5,0.0,0.5,0.5,1.0,1.0,1.0,0.7,0.1,0.6,0.1,0.1,0.5,1.0,1.0,1.0,1.0,1.0,0.1,1.0,0.3,1.0,1.0,0.4,0.4,0.8,0.4,0.1,0.5,0.5,0.2,0.2,0.4,0.7,0.1,0.7,0.7,0.6,0.2,0.6,0.6,0.6,0.2
fireworks_ai__accounts__fireworks__models__llama-v3p1-70b-instruct,1.0,0.1,1.0,0.2,1.0,0.4,0.5,0.1,0.1,0.0,1.0,1.0,1.0,1.0,1.0,1.0,0.8,1.0,0.1,0.8,1.0,1.0,1.0,0.8,1.0,1.0,1.0,1.0,1.0,1.0,0.5,0.8,0.8,0.4,0.4,0.4,1.0,0.5,0.4,0.8,1.0,1.0,1.0,1.0,1.0,0.3,1.0,0.1,0.1,0.2,0.9,0.5,1.0,0.9,1.0,1.0,0.7,1.0,0.7,1.0,0.1,0.1,0.1,0.1,0.4,1.0,1.0,0.8,1.0,1.0,0.3,0.5,0.1,0.3,0.1,0.1,0.1,0.5,1.0,0.4,0.9,1.0,1.0,1.0,0.7,0.1,0.6,0.1,0.1,0.5,1.0,1.0,1.0,1.0,1.0,0.6,0.1,0.3,0.6,0.3,0.6,0.6,0.8,0.8,0.1,0.6,0.3,0.5,1.0,0.5,0.7,0.2,1.0,0.7,0.3,0.2,0.6,0.6,0.6,0.6
fireworks_ai__accounts__fireworks__models__llama-v3p1-8b-instruct,0.3,0.1,1.0,0.1,0.1,0.0,0.5,0.1,0.1,0.1,1.0,0.9,1.0,0.3,0.6,1.0,1.0,0.8,0.8,1.0,1.0,1.0,1.0,1.0,1.0,0.0,0.9,0.8,0.8,0.6,0.5,0.5,0.9,0.4,0.4,0.4,1.0,0.7,0.6,0.4,1.0,0.6,1.0,0.6,1.0,0.1,0.1,0.1,0.1,0.4,0.8,0.6,1.0,0.5,0.9,1.0,0.6,1.0,0.6,0.5,0.1,0.1,1.0,0.1,0.1,0.6,0.0,1.0,1.0,1.0,0.2,0.0,0.1,0.3,0.1,0.1,0.1,0.1,0.3,0.0,0.1,0.5,0.8,0.4,0.8,0.7,0.6,0.1,0.1,0.5,0.0,1.0,1.0,0.8,0.0,0.1,0.4,0.3,0.8,0.4,0.2,0.4,0.0,0.3,0.1,0.1,0.5,0.1,0.0,0.5,0.1,0.3,0.5,0.4,0.1,1.0,0.2,0.6,0.6,0.2
gemini-1.5-flash,0.5,0.8,1.0,0.1,1.0,0.1,0.1,0.3,0.1,0.1,1.0,1.0,1.0,1.0,0.9,1.0,0.9,0.6,0.9,0.1,1.0,1.0,1.0,1.0,1.0,1.0,1.0,1.0,1.0,1.0,1.0,0.9,1.0,0.8,1.0,1.0,0.9,1.0,0.9,1.0,1.0,1.0,1.0,1.0,1.0,0.1,1.0,0.1,0.3,0.3,0.9,0.8,1.0,0.9,1.0,1.0,1.0,1.0,1.0,1.0,1.0,1.0,1.0,1.0,1.0,1.0,1.0,1.0,1.0,1.0,0.2,0.1,0.1,0.1,0.1,0.1,0.1,0.8,1.0,1.0,0.9,1.0,0.4,1.0,0.1,0.1,0.1,0.1,0.1,0.6,1.0,1.0,1.0,1.0,1.0,0.1,1.0,0.5,1.0,0.8,0.5,0.6,0.3,0.3,0.1,0.1,0.3,0.4,1.0,0.5,0.1,0.1,0.2,0.5,0.1,1.0,1.0,0.6,1.0,1.0
gemini-1.5-pro,1.0,1.0,1.0,0.1,1.0,0.3,0.7,0.1,0.1,0.3,1.0,1.0,1.0,1.0,1.0,0.0,1.0,1.0,1.0,1.0,1.0,1.0,1.0,1.0,1.0,1.0,1.0,1.0,1.0,1.0,1.0,1.0,0.4,0.8,1.0,1.0,1.0,1.0,0.9,1.0,1.0,1.0,1.0,1.0,1.0,0.1,1.0,1.0,0.5,1.0,1.0,0.9,1.0,1.0,1.0,1.0,1.0,1.0,1.0,1.0,1.0,1.0,0.1,1.0,1.0,1.0,1.0,1.0,1.0,1.0,0.7,0.1,0.1,0.5,0.1,0.1,0.1,0.8,1.0,1.0,0.9,1.0,0.4,1.0,0.1,0.1,1.0,0.1,0.1,0.8,1.0,1.0,1.0,1.0,0.6,0.1,0.3,0.3,1.0,0.5,0.5,1.0,1.0,0.5,0.5,0.5,1.0,0.6,1.0,0.5,1.0,0.3,0.2,0.7,0.1,1.0,1.0,0.6,0.2,1.0
global_step3500_hf,1.0,1.0,1.0,0.1,1.0,0.3,0.5,0.3,0.6,0.1,1.0,1.0,1.0,1.0,1.0,1.0,0.9,1.0,0.4,1.0,1.0,1.0,1.0,1.0,1.0,1.0,1.0,1.0,1.0,1.0,1.0,1.0,1.0,1.0,1.0,1.0,1.0,1.0,0.8,0.9,1.0,1.0,1.0,1.0,1.0,0.5,1.0,1.0,0.5,0.5,1.0,0.8,0.7,0.9,1.0,1.0,0.8,1.0,1.0,1.0,0.1,1.0,1.0,1.0,1.0,1.0,0.8,1.0,1.0,1.0,1.0,0.7,0.7,0.1,0.1,0.3,0.6,0.5,1.0,1.0,0.9,1.0,1.0,1.0,1.0,0.1,0.6,0.1,0.1,1.0,1.0,0.4,1.0,1.0,0.0,0.2,1.0,0.3,1.0,1.0,0.4,0.6,0.3,0.5,0.5,0.7,1.0,0.8,1.0,0.5,1.0,0.4,1.0,0.7,0.1,0.6,0.2,0.6,0.2,1.0
google__gemma-2-9b-it,0.5,1.0,1.0,0.1,1.0,0.3,0.1,0.1,1.0,0.1,1.0,1.0,1.0,1.0,1.0,1.0,1.0,0.8,0.1,1.0,1.0,1.0,1.0,1.0,1.0,1.0,1.0,1.0,1.0,1.0,1.0,0.8,1.0,0.8,1.0,0.9,1.0,1.0,0.9,1.0,1.0,1.0,1.0,1.0,1.0,0.1,1.0,0.1,0.3,0.5,1.0,0.7,0.5,0.7,1.0,1.0,1.0,1.0,1.0,1.0,0.1,0.7,1.0,1.0,1.0,1.0,0.8,1.0,1.0,1.0,0.5,0.1,0.7,0.5,0.1,0.1,0.6,0.1,1.0,0.7,0.9,1.0,0.4,1.0,0.8,0.7,0.6,0.1,0.1,0.8,1.0,0.4,1.0,1.0,0.6,0.2,0.4,0.3,0.3,0.2,0.5,0.6,0.3,0.3,0.5,0.5,0.7,0.5,1.0,0.3,0.7,0.4,0.2,0.1,0.1,1.0,1.0,0.6,0.6,0.6
gpt-3.5-turbo-0125,1.0,0.6,1.0,0.3,1.0,0.4,0.5,0.4,0.1,1.0,1.0,1.0,1.0,1.0,1.0,1.0,1.0,1.0,0.1,0.3,0.9,1.0,1.0,1.0,1.0,1.0,1.0,1.0,1.0,0.6,0.5,0.8,1.0,0.8,0.9,0.9,1.0,1.0,0.6,0.4,1.0,1.0,1.0,1.0,1.0,0.5,1.0,0.1,0.0,0.4,0.9,0.7,1.0,0.7,1.0,1.0,1.0,1.0,1.0,1.0,0.1,0.4,0.1,0.1,1.0,0.9,1.0,0.8,1.0,0.9,1.0,0.3,0.1,0.5,0.1,0.1,0.1,0.5,1.0,0.2,0.9,1.0,0.5,1.0,0.8,0.1,0.1,0.7,0.1,1.0,1.0,1.0,0.8,1.0,1.0,0.4,0.1,0.3,1.0,0.6,0.4,0.6,0.7,0.3,0.3,0.5,1.0,0.4,1.0,0.5,0.1,0.4,0.2,0.1,0.3,1.0,0.6,0.6,0.2,0.6
gpt-4-turbo-2024-04-09,1.0,1.0,1.0,0.4,1.0,1.0,0.5,0.1,1.0,0.3,1.0,1.0,1.0,1.0,1.0,1.0,1.0,1.0,0.2,1.0,1.0,1.0,1.0,1.0,1.0,1.0,1.0,1.0,1.0,1.0,0.5,1.0,1.0,0.8,1.0,1.0,1.0,1.0,0.9,0.9,1.0,1.0,1.0,1.0,1.0,0.1,1.0,0.7,1.0,1.0,1.0,0.7,1.0,0.8,1.0,1.0,0.8,1.0,1.0,1.0,1.0,1.0,1.0,1.0,1.0,1.0,0.8,1.0,1.0,1.0,0.5,0.7,0.3,0.5,0.1,0.3,0.1,0.4,1.0,1.0,0.9,1.0,1.0,1.0,1.0,1.0,0.1,1.0,1.0,1.0,1.0,1.0,1.0,1.0,1.0,0.1,1.0,0.1,1.0,1.0,0.5,0.8,0.8,0.5,0.5,0.5,1.0,0.4,1.0,0.5,1.0,0.2,1.0,0.7,0.1,1.0,1.0,0.6,1.0,1.0
gpt-4-turbo-preview,1.0,0.8,1.0,0.4,1.0,0.6,1.0,0.3,0.1,0.1,1.0,1.0,1.0,1.0,1.0,1.0,1.0,1.0,1.0,1.0,1.0,1.0,1.0,1.0,1.0,1.0,1.0,1.0,1.0,1.0,1.0,1.0,1.0,0.5,1.0,1.0,1.0,1.0,0.9,0.9,1.0,1.0,1.0,1.0,1.0,0.1,1.0,0.7,1.0,0.5,1.0,0.7,1.0,0.7,1.0,1.0,1.0,1.0,1.0,1.0,1.0,1.0,0.1,1.0,1.0,1.0,1.0,1.0,0.9,1.0,0.2,0.7,0.3,0.1,0.1,0.3,0.1,0.8,1.0,0.6,0.9,1.0,1.0,1.0,1.0,0.7,0.1,0.1,0.1,1.0,1.0,1.0,1.0,1.0,1.0,0.4,1.0,0.3,1.0,0.5,0.5,0.8,1.0,0.5,0.5,0.1,1.0,0.4,1.0,0.5,1.0,0.4,1.0,0.7,0.1,1.0,0.2,0.6,0.2,1.0
gpt-4o-2024-05-13,1.0,1.0,1.0,0.4,1.0,0.1,0.3,0.1,0.3,0.3,1.0,1.0,1.0,1.0,1.0,1.0,1.0,1.0,1.0,0.4,1.0,1.0,1.0,1.0,1.0,1.0,1.0,1.0,1.0,1.0,1.0,1.0,0.8,0.8,1.0,1.0,1.0,1.0,0.9,0.9,1.0,1.0,1.0,1.0,1.0,0.1,1.0,0.5,1.0,0.3,1.0,0.8,1.0,0.9,1.0,1.0,1.0,1.0,1.0,1.0,1.0,1.0,1.0,1.0,1.0,1.0,1.0,1.0,1.0,1.0,1.0,0.7,0.9,0.5,0.1,0.3,0.1,0.8,1.0,1.0,0.9,1.0,1.0,1.0,1.0,0.1,0.1,0.1,0.7,0.8,1.0,1.0,1.0,1.0,1.0,0.2,1.0,0.1,1.0,1.0,0.5,0.8,1.0,0.5,0.5,0.5,1.0,0.6,0.8,0.5,0.7,0.4,1.0,0.7,0.9,1.0,1.0,0.6,0.6,1.0
gpt-4o-mini,1.0,1.0,1.0,0.5,1.0,0.3,0.1,0.3,1.0,0.1,1.0,1.0,1.0,1.0,1.0,1.0,1.0,0.9,0.2,1.0,1.0,1.0,1.0,1.0,1.0,1.0,1.0,1.0,1.0,1.0,1.0,0.8,1.0,0.6,1.0,1.0,1.0,1.0,0.9,0.9,1.0,1.0,1.0,1.0,1.0,0.1,1.0,1.0,0.5,0.4,1.0,0.7,1.0,0.8,1.0,1.0,1.0,1.0,1.0,1.0,0.1,1.0,0.4,1.0,1.0,1.0,1.0,1.0,1.0,1.0,0.5,1.0,0.1,0.1,0.1,0.1,0.1,0.8,1.0,1.0,0.9,1.0,1.0,1.0,0.8,0.1,0.1,0.7,1.0,1.0,1.0,1.0,1.0,1.0,1.0,0.1,1.0,0.3,1.0,1.0,0.4,0.6,0.8,0.5,0.5,0.5,1.0,0.6,1.0,0.5,0.7,0.4,0.5,0.2,0.1,1.0,0.2,0.6,0.6,0.6
karakuri-ai__karakuri-lm-70b-chat-v0.1,0.1,0.0,1.0,0.1,0.1,0.3,0.1,0.7,0.1,0.1,1.0,1.0,1.0,0.1,1.0,0.5,1.0,0.7,0.1,0.7,0.6,1.0,1.0,1.0,1.0,1.0,0.8,1.0,1.0,1.0,1.0,1.0,1.0,0.9,0.4,1.0,0.9,0.7,0.6,0.7,1.0,1.0,1.0,1.0,1.0,0.1,0.6,0.1,0.1,0.2,0.9,0.6,1.0,0.7,1.0,1.0,0.8,0.8,0.8,1.0,0.1,0.1,0.1,0.1,1.0,1.0,1.0,0.6,0.5,1.0,0.7,0.5,0.7,0.5,0.1,0.1,0.1,1.0,0.0,0.5,0.9,1.0,1.0,1.0,1.0,0.7,0.1,1.0,0.1,0.1,0.0,1.0,0.9,1.0,0.5,0.2,0.2,0.3,1.0,1.0,0.4,0.6,0.5,0.2,0.5,0.5,1.0,1.0,1.0,0.5,0.2,0.4,0.7,0.7,0.1,0.2,0.2,0.6,0.2,0.6
karakuri-ai__karakuri-lm-8x7b-chat-v0.1,0.5,0.8,0.1,0.1,0.1,0.1,0.1,0.1,0.1,0.0,1.0,1.0,1.0,1.0,1.0,0.8,1.0,0.9,0.7,1.0,1.0,1.0,1.0,1.0,1.0,1.0,1.0,1.0,1.0,1.0,1.0,0.8,0.8,0.8,0.6,0.9,1.0,0.7,0.8,0.9,1.0,1.0,1.0,1.0,0.9,0.1,0.3,0.3,0.1,0.1,1.0,0.6,0.6,0.8,1.0,1.0,0.8,1.0,1.0,1.0,0.1,0.1,0.1,0.1,1.0,1.0,1.0,0.6,0.7,1.0,0.9,0.2,0.1,0.3,0.1,0.1,0.1,1.0,0.7,1.0,0.9,1.0,1.0,1.0,1.0,0.7,0.1,0.7,0.7,0.1,1.0,0.0,0.4,1.0,0.9,0.2,0.8,0.3,1.0,1.0,0.5,0.6,0.1,0.4,0.5,0.5,0.3,0.4,1.0,0.5,1.0,0.5,0.7,0.9,0.6,0.2,0.2,0.6,0.2,0.6
kinokokoro__cyberagent-mistral-nemo-webnovels,0.4,1.0,0.1,0.1,0.1,0.9,0.1,0.1,0.1,0.1,1.0,1.0,1.0,0.1,1.0,1.0,0.9,0.9,0.1,0.1,0.6,1.0,1.0,1.0,1.0,1.0,1.0,1.0,0.0,1.0,1.0,0.9,1.0,0.5,1.0,0.9,1.0,1.0,0.6,0.9,1.0,1.0,1.0,1.0,1.0,0.1,,0.1,0.1,0.1,0.8,0.7,0.6,0.5,0.0,1.0,0.8,0.8,1.0,1.0,0.1,0.1,0.1,0.1,1.0,0.7,0.2,0.3,0.7,0.4,0.9,0.7,0.1,0.1,0.1,0.0,0.1,0.1,0.1,0.1,0.1,1.0,0.6,1.0,0.7,0.1,0.6,0.1,0.1,1.0,1.0,0.0,0.6,1.0,0.0,0.0,1.0,0.1,1.0,0.1,0.4,0.6,0.1,0.0,0.1,0.5,1.0,0.1,1.0,0.3,0.5,0.1,0.0,0.1,0.4,0.6,0.2,0.6,0.2,1.0
kinokokoro__cyberagent-mistral-nemo-webnovels-cp2460,0.4,1.0,0.0,0.1,0.0,0.1,0.0,0.3,0.1,0.1,0.9,1.0,1.0,1.0,1.0,1.0,0.2,0.1,0.1,0.0,0.3,0.4,1.0,1.0,1.0,1.0,0.8,1.0,0.1,1.0,0.9,0.9,1.0,0.4,0.9,0.4,1.0,0.7,0.6,0.9,1.0,1.0,1.0,1.0,1.0,0.1,,0.1,0.1,0.1,0.4,0.6,1.0,0.5,0.0,1.0,0.8,0.3,1.0,1.0,0.1,0.1,0.4,0.1,1.0,0.8,1.0,0.8,0.8,0.3,1.0,0.3,0.1,0.1,0.1,0.1,0.1,0.1,0.1,0.0,0.1,0.8,0.7,1.0,0.7,0.1,1.0,0.1,0.1,0.6,1.0,0.0,0.3,1.0,0.0,0.2,0.1,0.3,0.8,0.6,0.5,0.6,0.3,0.5,0.1,0.5,0.1,0.5,0.8,0.4,0.7,0.1,0.1,0.1,0.1,0.2,0.2,0.6,0.6,1.0
lightblue__20240422,0.5,0.3,1.0,0.1,0.5,0.1,0.1,0.1,0.1,0.1,1.0,1.0,1.0,0.9,1.0,1.0,0.9,1.0,0.8,1.0,0.6,1.0,1.0,1.0,1.0,1.0,1.0,1.0,1.0,1.0,1.0,1.0,0.6,0.9,1.0,0.1,1.0,0.7,0.6,0.3,1.0,1.0,1.0,1.0,1.0,0.1,0.1,0.1,0.1,0.0,0.0,0.6,0.0,0.5,1.0,1.0,0.3,1.0,1.0,1.0,0.1,0.1,1.0,1.0,0.4,0.4,0.8,1.0,0.5,1.0,0.1,0.0,0.1,0.1,0.1,0.0,0.6,0.4,0.1,0.0,0.3,0.8,0.1,0.4,0.8,0.7,0.6,0.1,0.1,0.6,1.0,0.6,1.0,1.0,0.8,0.1,0.8,0.3,0.2,0.1,0.4,0.1,0.1,0.1,0.1,0.5,0.1,0.4,0.8,0.0,0.8,0.4,0.1,0.3,0.2,1.0,0.2,0.6,0.2,0.6
lightblue__ao-karasu-72B,0.7,0.1,1.0,0.1,0.3,0.9,0.1,0.3,0.1,0.1,1.0,1.0,1.0,1.0,1.0,0.9,1.0,0.9,0.1,1.0,1.0,1.0,1.0,1.0,1.0,1.0,0.8,1.0,1.0,0.6,0.5,1.0,0.3,0.5,1.0,0.9,1.0,0.8,0.2,0.4,1.0,1.0,1.0,0.5,1.0,0.1,1.0,0.9,0.5,0.1,0.8,0.6,1.0,0.5,1.0,1.0,1.0,1.0,1.0,1.0,0.1,0.1,0.1,1.0,0.0,0.4,1.0,0.8,1.0,1.0,0.5,0.3,0.7,0.5,0.1,0.0,0.6,0.1,0.7,0.4,0.1,1.0,0.3,1.0,0.7,0.7,0.6,0.1,0.7,0.6,0.0,0.7,0.9,1.0,0.5,0.6,0.8,0.3,1.0,0.1,0.4,0.3,0.1,0.1,0.6,0.5,0.7,0.4,1.0,0.5,1.0,0.2,0.4,0.6,0.1,1.0,0.2,0.6,0.6,0.2
lightblue__qarasu-14B-chat-plus-unleashed,0.5,0.3,0.3,0.1,0.3,0.1,0.1,0.1,0.1,0.0,1.0,1.0,1.0,1.0,1.0,0.5,0.6,0.9,0.1,0.1,0.6,0.9,1.0,0.6,0.4,1.0,0.9,0.8,1.0,0.8,1.0,0.1,0.8,0.8,1.0,0.9,1.0,0.3,0.4,0.1,1.0,1.0,1.0,0.7,0.0,0.1,1.0,0.1,0.1,0.1,0.6,0.6,0.7,0.4,1.0,1.0,0.5,1.0,1.0,0.8,0.1,0.4,0.4,0.1,0.4,0.1,0.6,0.9,1.0,0.8,0.1,0.0,0.1,0.1,0.1,0.1,0.6,0.1,0.1,0.0,0.3,1.0,0.1,1.0,0.1,0.1,0.6,0.7,0.1,0.6,0.0,0.1,1.0,1.0,0.1,0.1,1.0,0.1,1.0,0.7,0.3,0.0,0.0,0.1,0.6,0.5,1.0,0.5,0.8,0.5,0.1,0.0,0.1,0.6,0.4,0.2,0.6,0.6,0.6,0.6
lightblue__starlingbeta_cult_dsir_megagon_final,0.1,0.1,0.1,0.1,0.1,0.1,0.5,0.5,0.1,0.1,1.0,0.3,1.0,0.3,1.0,0.0,0.3,,0.4,0.1,0.6,0.4,0.3,0.6,0.6,0.1,0.1,0.2,0.7,0.7,0.7,0.4,0.3,0.4,1.0,1.0,1.0,0.3,0.0,0.1,1.0,0.8,1.0,0.6,0.3,0.1,0.1,0.1,0.1,0.1,1.0,0.4,0.7,0.7,0.9,0.3,0.8,0.1,0.8,1.0,0.0,0.0,0.1,0.1,0.4,0.1,0.8,0.5,0.1,0.5,0.1,0.0,0.1,0.1,0.1,0.1,0.1,0.3,0.0,0.0,0.1,1.0,1.0,1.0,0.0,0.1,0.1,0.1,0.1,0.6,0.0,0.5,0.0,0.1,0.0,0.1,1.0,0.3,0.1,1.0,0.3,0.0,0.0,0.1,0.0,0.1,0.0,0.5,0.8,0.3,0.7,0.2,0.1,0.0,0.1,0.2,0.2,0.6,0.6,0.2
llm-jp__llm-jp-3-172b-beta2-instruct2,0.1,0.1,1.0,0.1,0.1,1.0,0.1,0.3,0.1,0.0,1.0,1.0,1.0,1.0,1.0,0.4,0.1,1.0,0.0,0.1,1.0,1.0,1.0,1.0,0.9,1.0,0.9,0.1,1.0,0.8,1.0,1.0,1.0,0.8,1.0,0.1,1.0,0.3,0.5,0.3,1.0,1.0,1.0,1.0,1.0,0.1,0.4,0.1,0.1,0.1,1.0,0.5,1.0,0.8,0.0,1.0,0.6,1.0,0.7,1.0,0.1,0.1,0.1,0.7,1.0,1.0,0.8,1.0,0.6,0.9,0.5,0.5,0.3,0.5,0.5,0.3,0.1,1.0,1.0,1.0,0.9,0.8,0.8,1.0,0.8,0.7,1.0,1.0,0.1,1.0,0.0,0.0,0.1,0.7,0.5,0.4,1.0,0.3,1.0,0.1,0.4,0.8,1.0,0.5,0.8,0.5,0.7,0.5,1.0,0.5,1.0,0.8,0.5,1.0,0.3,0.2,0.2,0.6,0.2,0.2
meta-llama__Llama-2-13b-chat-hf,0.1,1.0,0.1,0.1,0.1,0.1,0.0,0.1,0.1,0.4,0.9,0.9,0.9,1.0,1.0,0.8,0.8,0.9,0.9,0.5,0.9,1.0,0.9,0.9,0.9,0.1,0.6,0.3,0.9,0.5,0.2,0.4,0.5,0.8,0.5,0.4,0.9,0.2,0.8,1.0,1.0,1.0,0.9,0.6,0.7,0.1,0.0,0.0,0.1,0.0,0.8,0.5,1.0,0.5,0.6,0.3,0.0,0.0,0.7,0.1,1.0,1.0,0.9,1.0,0.9,0.7,0.6,0.8,0.9,0.9,0.1,0.2,0.0,0.1,0.1,0.0,0.5,0.1,0.7,0.0,0.0,0.9,0.4,0.9,0.0,0.1,0.1,0.1,0.1,0.8,0.0,0.0,0.9,0.7,0.4,0.3,0.1,0.1,0.9,0.9,0.2,0.3,0.0,0.2,0.4,0.4,0.7,0.3,0.8,0.2,0.2,0.0,0.0,0.5,0.0,0.2,0.2,0.6,0.0,0.4
meta-llama__Llama-2-7b-chat-hf,0.1,0.1,0.9,0.1,0.0,0.1,0.1,0.1,0.0,0.4,0.9,0.9,1.0,0.9,1.0,0.1,0.8,0.1,0.1,0.4,0.4,1.0,0.5,0.9,0.0,0.4,0.4,0.8,0.4,0.5,0.2,0.0,0.1,0.8,0.2,0.0,0.0,0.8,0.9,1.0,1.0,0.9,0.9,0.9,0.7,0.1,0.1,0.0,0.1,0.1,0.8,0.4,0.7,0.4,0.2,0.2,0.3,0.0,0.0,0.9,1.0,0.0,1.0,1.0,0.0,0.5,0.9,0.7,0.9,0.7,0.1,0.3,0.1,0.1,0.1,0.1,0.1,0.0,0.6,0.4,0.1,0.0,1.0,0.9,0.6,0.0,0.1,0.1,0.1,0.5,0.0,0.0,0.9,0.6,0.4,0.0,0.0,0.1,0.9,0.9,0.0,0.3,0.0,0.0,0.0,0.5,0.2,0.3,0.3,0.4,0.0,0.0,0.1,0.0,0.0,1.0,0.4,0.6,0.2,0.8
meta-llama__Llama-3.3-70B-Instruct,1.0,1.0,1.0,0.2,1.0,0.1,0.1,0.1,0.1,0.1,1.0,1.0,1.0,1.0,1.0,1.0,1.0,0.8,0.1,1.0,1.0,1.0,1.0,1.0,1.0,1.0,1.0,1.0,1.0,1.0,1.0,1.0,1.0,0.8,1.0,0.9,0.9,0.7,0.6,0.8,1.0,1.0,1.0,1.0,1.0,0.1,1.0,1.0,0.6,0.1,1.0,0.7,0.7,1.0,1.0,1.0,0.7,1.0,0.7,1.0,0.1,1.0,1.0,0.1,0.7,1.0,1.0,0.9,1.0,1.0,0.2,0.7,0.1,0.3,0.1,0.0,0.1,0.5,1.0,0.5,0.9,0.8,1.0,1.0,0.7,0.1,0.8,0.1,0.1,0.5,0.9,0.0,1.0,1.0,0.9,0.2,0.2,0.3,1.0,1.0,0.4,0.6,0.8,0.5,0.2,0.1,1.0,0.6,1.0,0.5,0.8,0.1,0.2,0.7,0.4,0.2,0.6,0.6,0.6,0.6
meta-llama__Meta-Llama-3-70B-Instruct,0.4,0.9,1.0,0.1,0.9,0.1,0.1,0.2,0.0,0.2,0.9,0.9,1.0,0.9,0.9,1.0,1.0,0.8,0.8,1.0,1.0,0.9,1.0,1.0,0.9,0.9,1.0,1.0,1.0,1.0,1.0,0.8,1.0,0.9,0.5,0.9,1.0,1.0,0.9,0.4,0.9,1.0,0.9,0.9,0.9,0.0,1.0,0.1,0.3,0.4,1.0,0.6,1.0,0.8,1.0,1.0,0.7,1.0,0.9,1.0,0.9,0.9,0.9,0.6,0.9,1.0,0.9,0.9,0.9,0.9,0.1,0.3,0.9,0.1,0.1,0.1,0.1,0.7,0.9,0.1,0.9,0.9,0.9,0.9,0.9,0.1,0.9,0.1,0.1,0.9,1.0,0.9,0.9,0.7,0.9,0.1,1.0,0.0,1.0,0.3,0.5,0.2,0.1,0.2,0.2,0.1,0.3,0.3,0.9,0.8,0.8,0.6,0.2,0.6,0.1,0.2,0.0,0.6,0.0,0.4
meta-llama__Meta-Llama-3-8B-Instruct,0.5,0.6,0.9,0.0,0.4,0.3,0.5,0.1,0.1,0.6,0.9,0.9,0.9,1.0,0.9,0.8,0.9,0.8,1.0,1.0,1.0,1.0,1.0,1.0,1.0,0.1,1.0,0.9,1.0,1.0,0.8,0.7,0.4,0.8,0.9,0.9,1.0,0.9,0.9,0.7,0.9,0.9,0.9,1.0,1.0,0.1,0.9,0.4,0.0,0.2,1.0,0.6,0.7,0.5,0.8,1.0,0.4,0.9,0.5,0.9,0.9,0.9,0.9,0.9,0.9,0.8,0.5,0.8,1.0,0.9,0.2,0.3,0.0,0.1,0.1,0.1,0.1,0.3,0.2,0.0,0.1,0.9,0.9,0.9,0.1,0.1,0.5,0.1,0.1,0.9,1.0,0.5,0.9,0.7,0.4,0.0,0.4,0.0,0.0,0.9,0.2,0.3,0.0,0.2,0.2,,0.7,0.3,1.0,0.0,0.9,0.4,0.1,0.4,0.1,0.2,0.0,0.4,0.4,0.8
microsoft__Phi-3-medium-128k-instruct,0.5,0.5,0.3,0.0,0.0,0.0,0.1,0.0,0.0,0.1,1.0,1.0,1.0,1.0,1.0,1.0,1.0,0.6,0.1,0.7,1.0,1.0,1.0,1.0,1.0,1.0,1.0,1.0,1.0,1.0,0.5,0.7,0.6,0.5,1.0,0.9,1.0,0.8,0.3,0.1,0.9,1.0,0.9,1.0,0.7,0.1,0.4,0.1,0.1,0.5,1.0,0.6,1.0,0.8,1.0,1.0,1.0,0.1,1.0,0.8,0.1,0.4,0.1,1.0,1.0,0.8,0.8,0.7,0.7,1.0,0.2,0.3,0.1,0.1,0.1,0.1,0.6,0.4,0.7,0.6,0.3,1.0,1.0,1.0,0.7,0.7,0.1,1.0,0.7,1.0,0.3,1.0,0.2,1.0,0.5,0.2,0.8,0.3,1.0,0.8,0.4,0.6,0.2,0.3,0.1,0.5,1.0,0.4,0.8,0.5,0.2,0.1,0.6,0.4,0.1,0.6,0.2,0.6,0.6,0.6
microsoft__phi-4,0.5,1.0,1.0,0.1,1.0,1.0,0.5,0.1,0.6,0.1,1.0,1.0,1.0,1.0,1.0,1.0,1.0,1.0,0.3,1.0,1.0,1.0,1.0,1.0,1.0,1.0,1.0,1.0,1.0,1.0,1.0,1.0,1.0,1.0,1.0,1.0,1.0,1.0,0.9,0.8,1.0,1.0,1.0,1.0,1.0,0.1,1.0,1.0,0.1,0.7,1.0,0.8,0.8,0.8,1.0,1.0,0.8,1.0,1.0,1.0,1.0,1.0,1.0,1.0,1.0,1.0,0.7,0.9,0.9,1.0,0.8,0.2,0.1,0.1,0.1,0.1,0.1,0.5,0.7,0.2,0.9,1.0,1.0,1.0,0.7,0.7,0.1,0.1,0.1,1.0,1.0,0.4,0.9,1.0,1.0,0.1,1.0,0.3,1.0,0.8,0.4,0.8,0.4,0.4,0.0,0.5,0.3,0.4,1.0,0.5,0.3,0.3,0.6,0.5,0.1,1.0,0.6,0.6,0.2,1.0
mistral__mistral-large-latest,0.5,1.0,1.0,0.2,1.0,0.1,0.6,0.1,1.0,0.0,1.0,1.0,1.0,1.0,1.0,1.0,1.0,1.0,1.0,1.0,1.0,1.0,1.0,1.0,0.9,1.0,1.0,1.0,0.9,1.0,1.0,0.9,1.0,0.9,1.0,1.0,1.0,1.0,0.3,0.3,1.0,1.0,1.0,1.0,1.0,0.0,1.0,0.1,0.2,0.4,1.0,0.6,1.0,0.6,1.0,1.0,1.0,1.0,1.0,1.0,1.0,1.0,0.1,0.9,1.0,0.9,1.0,0.9,1.0,1.0,1.0,0.7,0.9,0.1,0.1,0.1,0.1,0.1,1.0,0.5,0.8,1.0,1.0,1.0,1.0,0.7,0.1,1.0,0.7,0.8,1.0,1.0,1.0,0.9,1.0,0.1,0.1,0.3,1.0,0.6,0.4,0.3,0.8,0.3,0.5,0.5,0.1,0.4,1.0,0.5,0.1,0.8,0.5,0.7,0.1,0.2,0.6,0.6,0.6,0.6
mistralai__Mistral-7B-Instruct-v0.2,0.0,0.1,0.1,0.1,0.1,0.0,0.0,0.1,0.0,0.0,1.0,1.0,1.0,0.1,0.8,0.5,1.0,1.0,0.1,0.8,0.9,0.9,1.0,0.9,0.9,0.2,0.8,1.0,0.9,0.8,1.0,1.0,0.6,1.0,0.9,0.1,1.0,0.6,0.7,0.3,1.0,1.0,1.0,0.4,1.0,0.1,0.1,0.0,0.1,0.1,1.0,0.5,0.7,0.4,0.2,1.0,0.8,1.0,0.9,1.0,0.0,0.0,0.0,0.1,1.0,0.9,0.7,0.8,0.8,0.7,0.1,0.1,0.0,0.1,0.1,0.1,0.1,0.1,0.3,0.0,0.1,1.0,0.6,0.4,0.4,0.7,0.1,0.1,0.7,0.1,0.0,0.0,1.0,1.0,0.4,0.0,0.6,0.0,1.0,0.1,0.2,0.3,0.0,0.2,0.1,0.1,0.1,0.1,0.9,0.1,0.0,0.1,0.4,0.0,0.1,0.2,0.2,0.6,0.0,0.8
mistralai__Mistral-Large-Instruct-2411,1.0,0.0,1.0,0.0,,0.0,,0.1,,0.0,0.7,0.9,0.9,0.9,0.6,1.0,0.6,0.8,0.4,0.6,0.9,0.0,1.0,1.0,1.0,0.0,1.0,1.0,1.0,1.0,1.0,0.8,1.0,1.0,0.2,1.0,1.0,1.0,0.7,0.5,0.1,0.2,0.6,1.0,0.6,0.1,0.4,0.1,0.1,0.0,1.0,0.7,1.0,1.0,1.0,1.0,0.8,1.0,1.0,0.7,0.0,1.0,0.0,1.0,0.0,0.4,0.5,0.2,0.5,0.4,1.0,0.0,0.3,0.1,0.1,0.3,0.1,0.8,0.6,0.8,0.8,0.8,1.0,1.0,0.9,0.1,1.0,0.1,0.1,0.8,1.0,0.4,0.1,0.0,0.5,0.1,1.0,0.3,1.0,0.3,0.2,0.0,0.7,0.1,0.5,1.0,1.0,0.4,1.0,0.2,1.0,0.8,0.0,0.5,0.1,1.0,1.0,0.4,0.0,0.4
mistralai__Mistral-Nemo-Instruct-2407,0.4,0.3,1.0,0.1,0.1,1.0,0.5,0.1,0.2,0.0,1.0,1.0,1.0,1.0,1.0,1.0,0.7,0.8,0.1,0.7,1.0,1.0,1.0,1.0,1.0,1.0,1.0,1.0,1.0,1.0,1.0,1.0,1.0,0.9,1.0,0.9,1.0,1.0,0.6,0.8,1.0,1.0,1.0,1.0,1.0,0.1,0.1,0.1,0.0,0.1,0.9,0.6,0.7,0.8,0.2,1.0,0.8,1.0,1.0,1.0,0.4,0.1,0.1,1.0,0.1,0.7,1.0,0.6,1.0,1.0,0.1,0.2,0.1,0.1,0.1,0.3,0.6,0.1,1.0,0.7,0.9,1.0,1.0,1.0,0.8,0.1,0.1,0.7,0.1,1.0,1.0,0.4,0.9,1.0,0.5,0.4,1.0,0.3,1.0,1.0,0.8,0.4,0.3,0.3,0.5,0.5,1.0,0.4,0.9,0.5,0.1,0.4,0.6,0.4,0.1,0.2,0.6,0.6,0.6,0.6
mistralai__Mistral-Small-24B-Instruct-2501,0.2,1.0,1.0,0.1,0.1,0.4,0.0,0.3,0.0,0.1,1.0,1.0,1.0,1.0,1.0,1.0,1.0,1.0,0.2,,1.0,1.0,1.0,1.0,1.0,1.0,1.0,1.0,1.0,1.0,1.0,1.0,1.0,0.9,1.0,0.9,1.0,1.0,0.9,0.8,0.9,1.0,1.0,1.0,1.0,0.1,0.4,0.0,0.1,0.2,0.9,0.6,1.0,0.7,1.0,1.0,0.8,1.0,1.0,1.0,0.1,0.7,0.4,1.0,1.0,0.2,0.7,0.5,0.8,1.0,0.6,0.4,0.9,0.1,0.1,0.1,0.1,0.1,1.0,0.6,0.1,1.0,1.0,1.0,1.0,0.1,0.1,1.0,0.1,1.0,1.0,0.0,0.9,1.0,0.5,0.1,0.8,0.3,1.0,0.1,0.5,0.6,0.8,0.3,0.5,0.5,0.2,0.4,0.8,0.5,1.0,0.4,0.4,0.7,0.3,1.0,0.2,0.6,0.2,1.0
nvidia__Llama-3.1-Nemotron-70B-Instruct-HF,0.5,1.0,1.0,0.4,1.0,0.2,0.6,0.1,0.1,0.1,1.0,1.0,1.0,1.0,1.0,1.0,0.8,1.0,1.0,1.0,1.0,1.0,1.0,1.0,1.0,1.0,1.0,1.0,1.0,1.0,1.0,1.0,1.0,0.9,0.6,1.0,1.0,1.0,0.9,0.9,1.0,1.0,1.0,1.0,1.0,0.1,1.0,0.5,0.4,0.3,0.5,0.7,1.0,1.0,1.0,1.0,0.7,1.0,0.7,1.0,0.1,1.0,1.0,1.0,1.0,1.0,0.9,0.9,0.8,1.0,1.0,0.4,0.3,0.1,0.1,0.3,0.1,0.9,1.0,1.0,0.9,1.0,1.0,1.0,1.0,0.1,0.1,0.7,0.1,1.0,1.0,0.0,1.0,1.0,0.0,0.0,1.0,0.1,1.0,1.0,0.5,0.6,0.8,0.5,0.5,0.5,1.0,0.6,1.0,0.5,0.3,0.6,0.7,0.7,0.2,1.0,0.2,0.6,0.2,1.0
nvidia_nim__nvidia__nemotron-4-340b-instruct,0.5,1.0,1.0,0.1,1.0,0.1,0.1,0.1,0.3,0.1,1.0,1.0,1.0,1.0,1.0,1.0,1.0,0.9,1.0,1.0,1.0,1.0,1.0,1.0,1.0,1.0,1.0,1.0,1.0,1.0,1.0,0.9,1.0,0.9,0.6,1.0,1.0,1.0,0.9,0.8,1.0,1.0,1.0,1.0,1.0,0.3,0.6,0.3,0.1,0.0,1.0,0.7,0.6,1.0,1.0,1.0,0.8,0.9,1.0,1.0,1.0,1.0,0.1,1.0,1.0,0.9,1.0,0.7,0.8,1.0,1.0,0.7,0.1,0.1,0.1,0.3,0.1,0.8,1.0,0.1,0.7,1.0,1.0,1.0,1.0,0.7,1.0,0.1,0.1,0.8,1.0,1.0,1.0,1.0,1.0,0.4,0.6,0.3,0.6,1.0,0.4,0.6,0.1,0.3,0.5,0.5,0.3,0.6,1.0,0.3,1.0,1.0,1.0,0.7,0.6,0.2,1.0,0.6,0.6,1.0
openchat__openchat-3.5-0106,0.5,0.8,0.1,0.1,0.1,0.1,0.5,0.1,0.1,0.1,1.0,1.0,0.9,0.6,1.0,1.0,0.7,0.9,0.2,1.0,0.6,1.0,1.0,1.0,1.0,1.0,1.0,1.0,1.0,1.0,1.0,1.0,0.6,0.8,1.0,0.5,1.0,0.3,0.4,0.3,1.0,1.0,1.0,0.7,1.0,0.1,0.1,0.1,0.0,0.1,0.9,0.6,0.6,0.7,1.0,1.0,1.0,1.0,1.0,1.0,0.1,0.1,0.1,0.1,1.0,0.3,0.1,0.8,0.8,1.0,0.2,0.3,0.1,0.1,0.1,0.3,0.6,0.1,0.3,0.1,0.6,1.0,1.0,0.4,0.7,0.1,0.1,0.1,0.1,0.6,1.0,0.5,1.0,1.0,0.1,0.2,0.0,0.1,1.0,0.6,0.5,0.3,0.0,0.3,0.6,0.5,0.0,0.4,1.0,0.4,0.8,0.1,0.2,0.1,0.1,0.6,0.2,0.6,0.6,0.6
phi-4,1.0,1.0,1.0,0.1,1.0,0.9,0.1,0.3,1.0,0.1,1.0,1.0,1.0,1.0,1.0,1.0,1.0,1.0,1.0,1.0,1.0,1.0,1.0,1.0,1.0,1.0,1.0,1.0,1.0,1.0,1.0,1.0,1.0,0.9,1.0,1.0,1.0,1.0,0.9,0.7,1.0,1.0,1.0,1.0,1.0,0.1,1.0,0.4,0.5,0.4,1.0,0.6,0.3,0.7,1.0,1.0,0.8,1.0,1.0,1.0,1.0,1.0,0.4,1.0,1.0,1.0,1.0,0.8,0.8,1.0,0.2,0.2,0.1,0.1,0.1,0.1,0.6,1.0,0.0,1.0,0.9,1.0,1.0,1.0,0.7,0.7,0.1,0.1,0.1,1.0,1.0,0.0,0.8,1.0,1.0,0.1,1.0,0.3,1.0,0.4,0.4,0.3,0.7,0.4,0.1,0.5,0.8,0.3,1.0,0.5,0.3,0.3,0.2,0.2,0.1,1.0,0.6,0.6,0.6,0.2
shisa-ai__shisa-gemma-7b-v1,0.1,0.1,1.0,0.4,0.7,1.0,0.1,0.3,0.1,0.1,1.0,1.0,1.0,0.0,1.0,1.0,1.0,0.8,0.1,1.0,1.0,1.0,1.0,1.0,1.0,1.0,0.8,1.0,1.0,0.6,1.0,1.0,0.9,1.0,1.0,0.8,1.0,0.6,0.6,0.4,1.0,1.0,1.0,0.4,1.0,0.1,0.9,0.3,0.1,0.3,0.0,0.7,0.9,0.5,0.0,1.0,1.0,1.0,1.0,1.0,0.1,0.1,0.1,0.1,1.0,0.3,0.8,0.8,0.6,1.0,0.5,0.5,0.1,0.1,0.1,0.0,0.1,0.1,0.3,0.1,0.1,1.0,0.4,0.4,0.1,0.7,0.1,0.7,0.7,0.6,0.3,0.5,1.0,1.0,0.0,0.2,0.4,0.0,1.0,0.1,0.5,0.4,0.1,0.6,0.4,0.5,0.1,0.2,0.1,0.3,0.1,0.1,0.5,0.1,0.4,1.0,0.2,0.6,0.6,1.0
shisa-ai__shisa-llama3-70b-v1,0.5,0.1,1.0,0.1,0.5,1.0,0.5,0.1,0.1,0.1,1.0,1.0,1.0,1.0,1.0,0.5,0.8,0.8,0.8,1.0,0.8,1.0,1.0,1.0,1.0,1.0,1.0,1.0,1.0,1.0,0.5,0.9,1.0,0.9,1.0,0.9,1.0,0.6,0.6,0.3,1.0,1.0,1.0,1.0,1.0,0.1,1.0,0.1,0.1,0.3,0.9,0.6,1.0,0.8,1.0,1.0,0.7,1.0,1.0,1.0,0.1,0.1,0.1,0.1,1.0,0.6,1.0,0.8,1.0,1.0,0.2,0.1,0.1,0.1,0.1,0.1,0.1,0.1,0.7,0.1,0.5,1.0,0.4,1.0,0.1,0.7,0.6,0.1,0.7,0.6,1.0,0.0,0.7,1.0,0.5,0.2,1.0,0.3,1.0,0.6,0.5,0.6,0.6,0.1,0.1,0.5,0.9,0.4,1.0,0.3,0.1,0.0,0.5,0.1,0.1,0.2,0.2,0.6,0.2,0.6
shisa-ai__shisa-llama3-8b-v1,0.1,0.1,0.1,0.1,0.7,0.0,0.5,0.3,0.1,0.1,1.0,1.0,1.0,1.0,1.0,0.8,0.3,1.0,0.1,0.4,0.6,1.0,0.0,1.0,1.0,1.0,1.0,1.0,1.0,1.0,0.5,1.0,0.6,0.9,1.0,0.9,1.0,0.7,0.8,0.6,1.0,1.0,1.0,0.4,1.0,0.1,0.6,0.1,0.1,0.1,0.9,0.6,1.0,0.5,1.0,0.3,1.0,1.0,1.0,1.0,0.1,0.1,1.0,1.0,0.0,0.6,0.6,1.0,1.0,1.0,0.2,0.3,0.1,0.1,0.1,0.1,0.1,0.1,0.0,0.0,0.9,1.0,0.4,0.4,0.7,0.7,0.6,0.1,0.1,0.6,0.0,0.5,1.0,1.0,0.0,0.2,1.0,0.1,0.8,0.7,0.4,0.4,0.1,0.3,0.1,0.1,0.0,0.4,0.2,0.4,0.3,0.1,0.1,0.1,0.4,1.0,0.2,0.6,0.2,0.2
shisa-ai__shisa-llama3-8b-v1.fp0.5,0.1,0.1,0.1,0.1,0.1,0.1,0.1,0.3,0.1,0.0,1.0,1.0,1.0,0.8,0.8,0.8,0.3,1.0,0.1,0.2,0.6,1.0,1.0,1.0,1.0,1.0,1.0,1.0,1.0,0.9,0.7,1.0,0.4,0.8,1.0,0.9,1.0,0.3,0.6,0.3,1.0,1.0,1.0,1.0,0.8,0.1,0.1,0.1,0.1,0.1,0.9,0.7,1.0,0.5,1.0,0.3,0.8,1.0,1.0,1.0,0.1,0.1,0.1,1.0,0.1,0.8,0.8,0.7,1.0,1.0,0.2,0.3,0.1,0.1,0.1,0.1,0.1,0.1,0.1,0.0,0.9,1.0,0.4,0.4,0.7,0.7,0.6,0.1,0.1,0.6,0.0,0.0,0.8,1.0,0.5,0.2,0.8,0.3,1.0,0.1,0.4,0.4,0.1,0.1,0.1,0.1,0.1,0.4,0.2,0.5,0.2,0.1,0.2,0.1,0.4,0.6,0.2,0.6,0.6,0.2
shisa-ai__shisa-swallowmx-13a47b-v1,0.1,0.2,0.1,0.1,0.7,0.1,0.1,0.1,0.1,0.1,1.0,0.9,1.0,0.7,1.0,0.8,0.1,0.9,0.1,0.1,0.6,1.0,1.0,1.0,0.6,1.0,1.0,0.8,1.0,0.8,0.5,0.5,0.6,0.9,1.0,0.5,1.0,0.7,0.9,0.3,1.0,1.0,1.0,1.0,1.0,0.1,0.9,0.1,0.1,0.1,0.0,0.8,0.3,0.5,1.0,1.0,0.7,1.0,1.0,1.0,0.1,0.1,0.1,0.4,0.1,0.9,0.8,0.5,0.8,1.0,0.1,0.1,0.1,0.1,0.1,0.1,0.1,0.1,1.0,0.5,0.1,0.8,0.7,0.4,0.7,0.7,0.6,0.1,0.1,0.6,0.0,0.5,1.0,1.0,0.5,0.1,1.0,0.3,1.0,0.4,0.3,0.4,0.1,0.3,0.1,0.1,0.9,0.2,0.2,0.4,0.0,0.0,0.1,0.1,0.1,0.6,0.2,0.6,0.2,0.2
shisa-ai__shisa-v1-llama3-70b.8e6,0.5,0.3,1.0,0.1,1.0,1.0,0.5,0.3,0.1,0.1,1.0,1.0,1.0,0.7,1.0,0.8,1.0,0.8,0.1,1.0,1.0,1.0,1.0,1.0,1.0,1.0,1.0,1.0,1.0,1.0,0.5,1.0,0.8,0.9,1.0,0.9,1.0,0.6,0.6,0.8,1.0,1.0,1.0,1.0,1.0,0.1,0.6,0.1,0.1,0.5,0.9,0.7,0.6,0.8,1.0,0.9,0.6,1.0,1.0,1.0,0.1,0.1,0.1,0.1,1.0,0.8,0.8,1.0,0.9,0.7,0.1,0.1,0.1,0.1,0.1,0.1,0.1,0.1,0.5,0.1,0.9,1.0,0.4,0.4,0.7,0.7,0.6,0.1,0.7,0.6,0.9,0.0,0.8,1.0,1.0,0.1,1.0,0.3,1.0,0.1,0.3,0.4,0.6,0.3,0.1,0.1,1.0,0.4,1.0,0.4,0.1,0.0,0.2,0.1,0.1,0.2,0.2,0.6,0.2,0.6
shisa-ai__shisa-v1-llama3-8b.cosine,0.5,0.1,1.0,0.1,0.1,0.1,0.1,0.1,0.3,0.5,1.0,1.0,1.0,0.8,1.0,0.8,0.1,1.0,0.7,0.8,1.0,1.0,1.0,1.0,1.0,1.0,1.0,1.0,1.0,0.5,0.5,0.8,0.8,1.0,1.0,0.9,0.9,0.3,0.4,0.6,1.0,1.0,1.0,1.0,1.0,0.1,0.1,0.1,0.3,0.3,0.9,0.7,1.0,0.3,1.0,0.8,0.7,1.0,0.1,1.0,0.1,0.1,0.1,1.0,1.0,1.0,0.8,0.8,1.0,1.0,0.2,0.3,0.1,0.1,0.1,0.1,0.6,0.1,0.3,0.1,0.3,1.0,0.4,0.4,0.7,0.7,0.1,0.1,0.7,0.6,0.0,0.7,0.8,1.0,0.5,0.3,0.8,0.3,0.8,0.7,0.3,0.4,0.1,0.8,0.1,0.5,0.8,0.4,0.0,0.2,0.0,0.1,0.1,0.5,0.4,1.0,0.2,0.6,0.2,0.2
shisa-ai__shisa-v1-llama3-8b.lr-2e4,0.1,0.0,0.1,0.1,0.1,0.1,0.1,0.1,0.1,0.1,1.0,0.7,1.0,0.1,0.8,0.5,0.1,0.1,0.1,0.1,0.4,1.0,0.6,0.6,1.0,0.2,0.1,0.3,0.0,0.5,1.0,0.5,0.4,0.1,1.0,0.1,0.7,0.3,0.3,0.7,1.0,1.0,1.0,0.2,0.7,0.1,0.1,0.1,0.1,0.0,0.0,0.3,0.0,0.0,0.3,0.3,0.5,0.1,0.1,0.3,0.1,0.1,0.1,0.1,1.0,0.4,0.2,0.5,0.5,0.6,0.1,0.3,0.1,0.1,0.1,0.1,0.1,0.1,0.1,0.1,0.3,0.1,0.1,0.4,0.1,0.7,0.1,0.1,0.7,0.1,0.0,0.0,0.9,1.0,0.0,0.6,0.1,0.1,0.2,0.1,0.3,0.0,0.4,0.1,0.4,0.1,0.2,0.3,0.0,0.3,0.2,0.1,0.1,0.5,0.1,1.0,0.2,0.6,0.6,0.2
shisa-ai__shisa-v1-llama3-8b.lr-2e5,0.5,0.1,0.1,0.1,0.1,0.1,0.1,0.1,0.1,0.1,1.0,1.0,1.0,1.0,1.0,0.8,0.2,1.0,0.4,1.0,0.6,1.0,1.0,1.0,1.0,1.0,1.0,1.0,1.0,0.8,1.0,0.8,0.4,0.9,1.0,0.7,1.0,0.7,0.3,0.8,1.0,1.0,1.0,1.0,1.0,0.1,0.6,0.3,0.1,0.1,0.9,0.6,1.0,0.8,1.0,1.0,1.0,1.0,0.3,1.0,0.1,0.1,0.1,1.0,1.0,0.9,0.8,0.9,1.0,1.0,0.1,0.3,0.1,0.1,0.1,0.1,0.1,0.1,0.7,0.0,0.3,0.8,0.8,0.4,0.7,0.7,0.1,0.1,0.1,0.6,0.2,0.5,0.8,1.0,0.5,0.0,0.1,0.0,1.0,0.1,0.4,0.4,0.2,0.8,0.1,0.1,0.1,0.2,0.8,0.1,0.7,0.1,0.8,0.1,0.4,0.2,0.2,0.6,0.2,0.6
shisa-ai__shisa-v1-llama3-8b.lr-2e6,0.5,0.1,0.1,0.1,0.0,0.1,0.1,0.1,0.1,0.1,1.0,1.0,1.0,0.7,1.0,0.8,1.0,0.8,0.8,1.0,1.0,1.0,1.0,1.0,1.0,1.0,1.0,1.0,1.0,1.0,1.0,0.8,0.3,1.0,1.0,0.8,1.0,0.7,0.3,0.8,1.0,1.0,1.0,1.0,1.0,0.1,1.0,0.1,0.1,0.1,0.9,0.6,1.0,0.5,0.9,0.3,0.7,1.0,0.6,1.0,0.1,0.0,0.1,0.7,0.1,0.8,0.8,0.8,0.7,1.0,0.1,0.7,0.1,0.1,0.1,0.1,0.6,0.1,0.1,0.1,0.9,1.0,0.4,1.0,0.7,0.7,0.1,0.1,0.1,0.6,0.7,0.0,0.9,1.0,0.5,0.6,0.2,0.0,0.8,0.1,0.4,0.4,0.1,0.3,0.1,0.1,0.5,0.2,0.2,0.1,0.1,0.3,0.1,0.1,0.1,0.6,0.2,0.6,0.2,0.2
shisa-ai__shisa-v1-llama3-8b.lr-5e5,0.1,0.1,0.2,0.1,0.0,0.1,0.1,0.1,0.1,0.1,1.0,1.0,1.0,0.1,0.6,1.0,0.2,1.0,0.2,0.7,0.6,1.0,1.0,0.8,1.0,1.0,0.8,0.8,1.0,0.8,1.0,1.0,0.5,0.9,0.8,0.3,1.0,0.7,0.6,0.8,1.0,1.0,1.0,0.4,1.0,0.1,1.0,0.1,0.1,0.1,0.6,0.6,0.5,0.5,0.9,1.0,0.1,1.0,1.0,1.0,0.1,0.1,0.1,1.0,0.1,1.0,,1.0,0.7,1.0,0.1,0.1,0.1,0.1,0.1,0.1,0.1,0.1,0.1,0.1,0.1,0.1,0.1,0.4,0.7,0.7,0.1,0.1,0.7,0.6,0.0,0.0,0.9,1.0,0.1,0.2,0.1,0.1,1.0,1.0,0.4,0.4,0.1,0.3,0.1,0.5,0.1,0.4,0.2,0.3,0.1,0.2,0.1,0.1,0.4,0.6,0.2,0.6,0.6,0.2
shisa-ai__shisa-v1-llama3-8b.lr-5e6,0.5,0.1,0.1,0.1,0.1,0.1,0.1,0.1,0.1,0.1,1.0,1.0,1.0,0.0,1.0,0.8,0.8,0.8,0.8,0.8,1.0,1.0,1.0,1.0,1.0,1.0,1.0,1.0,1.0,1.0,0.7,1.0,0.6,1.0,1.0,0.9,1.0,0.8,0.4,0.7,1.0,1.0,1.0,0.4,1.0,0.1,1.0,0.1,0.1,0.1,0.9,0.6,1.0,0.5,1.0,0.9,0.7,1.0,0.6,1.0,0.1,0.1,0.1,1.0,1.0,0.6,0.8,0.8,0.6,1.0,0.1,0.3,0.1,0.1,0.1,0.1,0.1,0.1,0.1,0.1,0.3,1.0,1.0,0.1,0.7,0.7,0.1,0.1,0.1,0.6,0.0,0.0,0.7,1.0,0.5,0.1,0.2,0.1,0.1,0.2,0.4,0.4,0.1,0.2,0.1,0.5,0.6,0.4,,0.1,0.1,0.3,0.1,0.1,0.4,0.2,0.2,0.6,0.2,0.6
shisa-ai__shisa-v1-llama3-8b.lr-8e6,0.5,0.1,0.1,0.1,0.4,0.1,0.1,0.1,0.1,0.1,1.0,1.0,1.0,0.8,1.0,0.8,0.8,0.9,0.8,1.0,1.0,1.0,1.0,1.0,1.0,1.0,1.0,1.0,1.0,0.8,0.5,0.6,1.0,0.9,1.0,0.9,1.0,0.3,0.6,0.3,1.0,1.0,1.0,1.0,1.0,0.1,1.0,0.3,0.1,0.2,1.0,0.7,1.0,0.5,0.9,0.3,0.7,0.9,0.6,1.0,0.1,0.1,0.4,1.0,1.0,0.6,0.8,1.0,0.6,1.0,0.1,0.5,0.1,0.1,0.1,0.1,0.6,0.1,0.7,0.0,0.5,1.0,1.0,0.4,0.7,0.7,0.1,0.1,0.1,0.6,0.5,0.0,0.9,1.0,0.0,0.1,0.8,0.1,0.1,1.0,0.4,0.4,0.1,0.3,0.0,0.5,0.7,0.4,1.0,0.4,0.1,0.1,0.1,0.1,0.4,1.0,0.2,0.6,0.2,1.0
shisa-ai__shisa-v1-llama3-8b.neftune,0.5,0.1,1.0,0.1,0.3,0.8,0.5,0.1,0.1,0.1,1.0,1.0,1.0,0.8,1.0,0.8,0.4,0.8,0.7,0.4,0.6,1.0,1.0,1.0,1.0,1.0,1.0,1.0,1.0,1.0,1.0,1.0,0.4,1.0,1.0,0.9,1.0,0.3,0.6,0.3,1.0,1.0,1.0,1.0,1.0,0.1,0.6,0.1,0.1,0.1,0.7,0.7,1.0,0.5,1.0,1.0,1.0,1.0,1.0,1.0,0.1,1.0,0.1,1.0,1.0,0.8,1.0,0.8,0.8,1.0,0.2,0.3,0.1,0.1,0.1,0.1,0.1,0.1,0.1,0.1,0.9,1.0,1.0,0.4,0.7,0.7,0.6,0.1,0.1,0.6,1.0,0.0,0.8,1.0,0.0,0.2,0.5,0.1,0.8,0.7,0.4,0.4,0.1,0.2,0.1,0.1,0.1,0.2,0.1,0.4,0.1,0.1,0.1,0.1,0.1,0.2,0.2,0.6,0.2,0.6
shisa-ai__shisa-v1-llama3-8b.sharegpt_filtered,0.5,0.0,0.7,0.1,0.1,0.1,0.5,0.1,0.1,0.1,1.0,1.0,1.0,1.0,1.0,1.0,1.0,0.8,0.1,0.7,1.0,1.0,1.0,1.0,1.0,0.9,1.0,1.0,1.0,1.0,1.0,0.8,0.8,1.0,0.4,0.9,0.9,0.8,0.8,0.3,1.0,1.0,1.0,1.0,1.0,0.1,0.2,0.1,0.1,0.2,0.9,0.6,1.0,0.5,1.0,1.0,0.6,1.0,1.0,1.0,0.1,0.4,0.3,1.0,0.4,0.6,0.8,0.8,1.0,1.0,0.7,0.3,0.1,0.1,0.1,0.1,0.1,0.1,0.6,0.1,0.9,1.0,1.0,1.0,0.8,0.1,0.6,0.1,0.7,0.6,1.0,0.4,0.9,0.3,0.5,0.2,0.8,0.1,1.0,0.6,0.4,0.4,0.1,0.4,0.1,0.1,0.2,0.2,1.0,0.5,0.8,0.3,0.1,0.3,0.1,0.2,0.2,0.6,0.2,0.2
shisa-ai__shisa-v1-llama3-8b.sharegpt_filtered_appended,,0.5,0.1,0.1,0.3,0.1,0.0,0.1,0.1,0.1,1.0,1.0,1.0,1.0,1.0,0.8,0.4,1.0,0.1,0.9,1.0,1.0,1.0,1.0,1.0,1.0,1.0,1.0,1.0,1.0,1.0,1.0,0.6,0.8,1.0,0.6,1.0,0.3,0.6,0.3,1.0,1.0,1.0,0.4,1.0,0.1,1.0,0.1,0.1,0.1,0.9,0.7,0.3,0.4,1.0,1.0,0.6,1.0,0.0,1.0,0.1,0.1,0.1,1.0,0.4,0.8,0.8,0.9,0.8,0.8,0.2,0.1,0.1,0.5,0.1,0.1,0.1,0.1,0.3,0.2,0.9,1.0,0.8,1.0,0.7,1.0,0.1,0.1,0.1,0.8,1.0,0.0,0.8,1.0,0.1,0.2,0.1,0.1,1.0,0.2,0.4,0.4,0.1,0.3,0.6,0.5,0.5,0.2,1.0,0.5,0.1,0.4,0.2,0.7,0.4,0.2,0.2,0.6,0.2,0.6
shisa-ai__shisa-v1-llama3-8b.sharegpt_mix,0.5,0.3,0.3,0.1,0.1,0.1,0.1,0.1,0.1,0.1,1.0,1.0,1.0,1.0,1.0,0.8,0.1,1.0,0.8,1.0,0.6,1.0,1.0,1.0,1.0,1.0,1.0,1.0,1.0,0.8,0.5,1.0,0.8,0.5,1.0,0.5,1.0,0.8,0.6,0.4,1.0,1.0,1.0,1.0,1.0,0.1,1.0,0.1,0.2,0.1,0.9,0.8,1.0,0.8,1.0,0.3,0.7,1.0,0.1,1.0,0.1,0.1,0.1,0.1,1.0,0.8,0.6,0.9,0.7,1.0,0.2,0.1,0.1,0.1,0.1,0.1,0.1,0.1,0.1,0.1,0.1,1.0,0.4,0.4,0.7,0.1,0.6,0.1,0.1,0.6,0.9,0.0,0.5,1.0,0.1,0.2,0.1,0.1,0.8,0.2,0.4,0.4,0.1,0.1,0.1,0.1,0.1,0.4,1.0,0.5,0.7,0.4,0.1,0.1,0.1,0.2,0.2,0.6,0.6,0.6
shisa-ai__shisa-v1-llama3-8b.sharegpt_original,0.5,0.1,1.0,0.1,0.1,1.0,0.1,0.3,0.1,0.1,1.0,1.0,1.0,0.5,1.0,0.9,0.7,0.3,0.1,0.1,0.6,1.0,1.0,1.0,1.0,1.0,1.0,1.0,1.0,0.7,1.0,1.0,0.4,0.9,1.0,0.9,0.9,0.8,0.8,0.3,1.0,1.0,1.0,1.0,1.0,0.1,0.6,0.1,0.1,0.1,0.9,0.6,0.3,0.5,1.0,1.0,0.8,1.0,1.0,0.6,0.1,0.1,0.7,1.0,0.4,0.8,0.7,0.8,0.9,1.0,0.4,0.3,0.1,0.1,0.5,0.1,0.1,0.1,0.4,0.1,0.9,1.0,1.0,1.0,0.8,0.7,0.1,0.1,0.7,0.6,1.0,0.0,0.9,0.3,0.5,0.2,1.0,0.3,0.8,0.6,0.4,0.4,0.1,0.1,0.1,0.1,0.7,0.1,1.0,0.5,0.1,0.4,0.6,0.5,0.4,0.2,0.2,0.6,0.2,0.2
shisa-ai__shisa-v1-llama3-8b.wd-0.05,0.5,1.0,0.5,0.1,0.1,0.1,0.5,0.7,0.1,0.1,1.0,1.0,1.0,1.0,1.0,1.0,0.2,0.9,0.8,1.0,0.6,1.0,1.0,1.0,1.0,1.0,1.0,1.0,1.0,0.8,0.7,1.0,0.4,0.5,1.0,0.7,1.0,0.5,0.6,0.5,1.0,1.0,1.0,1.0,1.0,0.1,0.9,0.1,0.1,0.1,0.8,0.7,0.0,0.7,1.0,0.3,0.7,1.0,0.1,1.0,0.1,0.1,0.1,1.0,1.0,0.9,0.8,1.0,0.6,1.0,0.2,0.5,0.1,0.1,0.1,0.1,0.1,0.1,0.7,0.0,0.3,1.0,0.8,0.4,0.7,0.7,0.6,0.1,0.7,0.6,0.9,0.1,0.7,1.0,0.5,0.1,0.1,0.1,0.8,0.2,0.4,0.3,0.1,0.3,0.1,0.5,0.0,0.3,0.8,0.1,0.1,0.1,0.3,0.1,0.4,1.0,0.2,0.6,0.2,0.2
shisa-ai__shisa-v1-mistral0.3-7b,0.1,0.1,0.1,0.1,0.1,0.1,0.5,0.1,0.1,0.1,0.9,0.7,0.9,0.7,1.0,0.5,0.7,0.6,0.1,0.9,0.6,1.0,1.0,1.0,1.0,1.0,1.0,0.3,1.0,0.8,0.7,0.8,0.6,0.5,1.0,0.5,1.0,0.7,0.6,0.9,1.0,1.0,0.9,0.8,1.0,0.1,0.1,0.1,0.1,0.1,0.6,0.8,0.0,0.5,0.9,1.0,0.7,0.8,0.8,1.0,0.1,0.1,1.0,1.0,0.1,0.7,0.8,0.5,0.9,0.8,0.2,0.1,0.1,0.1,0.1,0.1,0.1,0.1,0.1,0.1,0.1,0.5,0.5,0.4,0.1,0.1,0.1,0.1,0.7,0.6,1.0,0.0,0.9,0.9,0.5,0.2,0.1,0.1,0.7,0.3,0.5,0.4,0.0,0.3,0.4,0.1,0.0,0.3,1.0,0.4,0.1,0.0,0.1,0.1,0.4,0.6,0.1,0.6,0.2,1.0
shisa-ai__shisa-v1-phi3-14b,0.5,0.1,0.9,0.1,0.1,0.0,0.1,0.3,0.1,0.0,1.0,1.0,1.0,0.1,1.0,0.8,0.9,0.6,0.0,0.1,1.0,1.0,1.0,0.9,0.6,1.0,0.8,1.0,0.6,0.6,0.5,0.5,0.7,0.9,1.0,0.9,1.0,0.7,0.0,0.3,1.0,1.0,0.6,0.9,0.5,0.1,0.0,0.1,0.1,0.0,0.4,0.6,0.3,0.5,1.0,1.0,0.7,0.0,1.0,0.8,0.1,0.0,0.7,0.1,1.0,0.7,0.6,0.6,0.5,0.8,0.2,0.1,0.1,0.1,0.1,0.1,0.6,0.1,0.7,0.6,0.1,0.7,1.0,1.0,0.7,0.7,0.1,0.7,0.1,0.8,0.5,0.5,0.9,0.9,0.5,0.4,0.2,0.1,0.5,,0.4,0.6,0.1,0.0,0.6,0.1,0.1,0.3,0.8,0.3,0.8,0.2,0.3,0.1,0.1,1.0,,0.4,0.2,0.2
shisa-ai__shisa-v1-qwen2-7b,0.3,0.0,1.0,0.1,0.1,0.9,0.1,0.1,0.3,0.1,1.0,1.0,1.0,1.0,1.0,1.0,0.1,1.0,0.1,0.5,0.6,1.0,1.0,1.0,1.0,1.0,1.0,0.7,1.0,1.0,0.5,0.7,0.5,1.0,1.0,0.8,0.7,1.0,0.5,0.7,1.0,1.0,1.0,0.6,1.0,0.1,0.4,0.1,0.1,0.1,0.9,0.6,1.0,0.7,1.0,1.0,0.7,1.0,1.0,0.8,0.1,0.4,0.1,1.0,0.8,0.7,0.8,0.8,1.0,1.0,0.2,0.1,0.1,0.1,0.1,0.1,0.1,0.1,0.3,0.1,0.3,1.0,0.4,1.0,0.7,0.7,0.6,0.1,0.1,0.1,1.0,0.7,0.9,1.0,0.2,0.2,0.1,0.1,0.6,0.1,0.3,0.0,0.1,0.7,0.6,0.1,0.7,0.2,1.0,0.5,0.0,0.0,0.1,0.1,0.1,0.2,0.2,0.6,0.6,0.6
shisa-ai__shisa-v1-smaug-llama3-70b,0.5,0.1,1.0,0.1,0.1,0.1,0.1,0.3,0.1,0.6,0.8,1.0,1.0,1.0,1.0,0.8,0.8,0.8,0.1,1.0,0.7,1.0,1.0,1.0,1.0,1.0,1.0,1.0,1.0,1.0,0.5,1.0,0.9,0.9,1.0,0.9,1.0,0.8,0.0,0.3,1.0,1.0,1.0,1.0,1.0,0.1,1.0,0.1,0.1,0.4,0.9,0.8,0.7,0.8,1.0,1.0,0.7,1.0,1.0,1.0,0.1,0.4,0.1,0.1,1.0,1.0,1.0,1.0,1.0,1.0,0.2,0.1,0.1,0.1,0.1,0.1,0.1,0.1,0.4,0.1,0.1,1.0,0.4,1.0,0.7,1.0,0.1,0.7,1.0,0.0,1.0,0.0,0.6,1.0,1.0,0.2,1.0,0.1,1.0,0.4,0.3,0.3,0.6,0.2,0.1,0.5,0.1,0.4,0.8,0.5,0.1,0.0,0.1,0.1,0.1,0.2,0.2,0.6,0.2,0.2
shisa-ai__shisa-yi1.5-9b-v1,0.5,0.2,1.0,0.1,0.1,0.1,0.5,0.1,0.5,0.1,1.0,0.8,1.0,1.0,0.0,1.0,1.0,1.0,0.3,1.0,1.0,1.0,1.0,1.0,1.0,0.0,0.8,0.4,0.1,1.0,1.0,0.8,0.5,0.6,1.0,0.5,1.0,0.7,0.9,0.1,1.0,0.7,1.0,0.2,0.9,0.1,1.0,0.1,0.1,0.4,0.8,0.6,0.0,0.6,0.9,1.0,0.6,1.0,1.0,1.0,0.1,0.0,0.9,0.1,1.0,0.3,0.8,0.8,0.7,0.5,0.1,0.1,0.1,0.1,0.1,0.1,0.1,0.1,0.1,0.0,0.3,0.3,0.4,0.4,0.0,0.7,0.6,0.1,0.7,0.1,1.0,0.8,1.0,1.0,0.6,0.1,0.8,0.0,0.8,0.7,0.3,0.0,0.1,0.3,0.6,0.1,0.7,0.2,0.8,0.1,0.1,0.0,0.1,0.1,0.1,0.2,0.2,0.6,0.0,0.2
shisa-v1-cyberagent-mistral-nemo-japanese-12b,0.1,0.6,1.0,0.1,0.3,0.1,0.4,0.3,0.1,0.1,1.0,1.0,1.0,1.0,1.0,0.8,0.8,0.8,0.1,0.1,0.6,1.0,1.0,1.0,1.0,1.0,1.0,1.0,1.0,1.0,1.0,1.0,1.0,0.8,1.0,0.9,1.0,0.7,0.6,0.3,1.0,1.0,1.0,1.0,1.0,0.1,0.1,0.1,0.1,0.4,0.8,0.8,1.0,0.6,0.9,1.0,0.7,1.0,1.0,1.0,1.0,1.0,0.1,1.0,0.1,0.9,0.8,0.8,0.6,1.0,0.2,0.2,0.1,0.1,0.1,0.1,0.1,0.1,0.1,0.2,0.1,1.0,1.0,0.4,0.7,0.1,0.6,0.1,0.1,0.6,1.0,0.0,0.9,1.0,0.1,0.2,0.1,0.3,1.0,0.2,0.4,0.4,0.1,0.7,0.4,0.5,0.7,0.0,1.0,0.4,0.3,0.0,0.5,0.1,0.1,1.0,0.6,0.6,0.2,1.0
shisa-v1-llama-3.1-base-70b,0.7,0.1,1.0,0.1,0.7,0.7,0.4,0.1,0.1,0.1,1.0,1.0,1.0,0.5,1.0,0.4,0.0,0.8,0.2,1.0,1.0,1.0,1.0,1.0,1.0,1.0,1.0,1.0,1.0,1.0,0.6,0.8,0.6,1.0,1.0,,0.9,0.3,0.0,0.7,1.0,1.0,1.0,1.0,0.8,0.1,0.9,0.1,0.0,0.3,0.1,0.6,0.0,0.0,1.0,1.0,0.5,0.8,0.7,1.0,0.7,0.1,1.0,1.0,0.1,0.8,0.0,0.8,0.2,1.0,0.2,0.5,0.1,0.1,0.1,0.1,0.1,0.0,0.0,0.1,0.0,1.0,1.0,0.4,0.0,0.7,0.1,0.1,0.7,0.1,1.0,0.0,1.0,1.0,0.0,0.1,1.0,0.0,0.5,0.1,0.4,0.2,0.5,0.1,0.1,0.1,0.1,0.2,1.0,0.2,0.1,0.0,0.2,0.0,0.0,0.2,0.2,0.6,0.2,0.2
shisa-v1-llama3-70b.q4_k_m,0.1,0.5,1.0,0.1,0.5,0.9,0.5,0.1,0.1,0.1,1.0,1.0,1.0,1.0,1.0,0.8,0.7,0.8,0.2,1.0,0.6,1.0,1.0,1.0,1.0,1.0,1.0,1.0,1.0,0.8,0.5,1.0,0.3,0.9,1.0,0.8,1.0,0.7,0.3,0.8,1.0,1.0,1.0,1.0,1.0,0.1,1.0,0.3,0.1,0.2,1.0,0.7,1.0,0.6,0.9,1.0,0.7,1.0,1.0,1.0,0.1,0.1,0.1,1.0,1.0,1.0,0.8,1.0,0.8,1.0,0.2,0.1,0.1,0.1,0.1,0.1,0.1,0.1,0.7,0.1,0.5,1.0,0.8,1.0,0.1,0.7,0.6,0.7,0.7,0.6,0.9,0.0,1.0,1.0,1.0,0.1,0.8,0.3,1.0,,0.5,0.4,0.1,0.2,0.1,0.5,0.0,0.4,0.8,0.4,0.7,0.0,0.8,0.1,0.4,0.2,0.6,0.6,0.2,0.6
shisa-v1-llama3-8b-unsloth-qlora,1.0,0.1,1.0,0.1,0.3,0.1,0.5,0.1,0.1,0.0,1.0,1.0,1.0,0.5,1.0,0.8,0.1,1.0,0.1,0.4,0.6,1.0,1.0,1.0,1.0,0.4,1.0,0.9,0.0,0.8,0.5,0.6,1.0,1.0,1.0,0.1,0.4,0.3,0.6,0.3,1.0,1.0,1.0,1.0,1.0,0.1,0.1,0.0,0.1,0.1,1.0,0.7,0.0,0.7,0.9,1.0,0.1,1.0,0.6,1.0,0.1,0.1,0.1,1.0,1.0,0.7,1.0,1.0,0.8,1.0,0.2,0.5,0.1,0.5,0.5,0.1,0.1,0.1,0.0,0.2,0.1,1.0,0.1,0.4,0.7,0.7,0.1,0.7,0.7,0.1,0.5,0.0,0.8,1.0,0.5,0.2,0.1,0.1,0.2,0.1,0.4,0.4,0.1,0.3,0.1,0.1,0.7,0.4,0.5,0.1,0.7,0.3,0.5,0.1,0.1,0.2,0.2,0.6,0.2,0.6
shisa-v1-llama3.1-70b,0.5,0.1,1.0,0.1,1.0,1.0,0.5,0.1,0.0,0.1,1.0,1.0,1.0,0.5,1.0,1.0,0.8,0.9,0.1,1.0,1.0,1.0,1.0,0.8,1.0,1.0,1.0,1.0,0.9,1.0,0.5,0.9,0.8,0.9,1.0,0.9,1.0,0.5,0.6,0.8,1.0,0.8,1.0,1.0,1.0,0.1,1.0,0.3,0.1,0.4,0.9,0.7,1.0,0.7,1.0,1.0,0.7,1.0,0.6,1.0,0.1,0.4,1.0,0.1,1.0,1.0,0.7,1.0,1.0,1.0,0.1,0.1,0.1,0.1,0.1,0.1,0.1,0.1,0.8,0.1,0.1,1.0,1.0,0.1,0.7,0.7,0.1,0.1,1.0,0.6,1.0,0.0,0.8,1.0,0.7,0.1,1.0,0.3,1.0,0.1,0.4,0.4,0.8,0.3,0.6,0.5,0.7,0.4,1.0,0.3,0.3,0.0,0.5,0.1,0.1,0.2,0.2,0.6,0.2,0.6
shisa-v1-llama3.1-8b-unsloth-qlora,0.5,0.1,1.0,0.1,1.0,0.1,0.1,0.1,0.1,0.1,1.0,1.0,1.0,0.3,1.0,0.8,0.1,1.0,0.1,0.8,0.8,,1.0,1.0,1.0,1.0,0.9,0.8,1.0,1.0,0.5,0.5,0.6,0.4,1.0,0.1,0.4,0.3,0.6,0.5,1.0,1.0,1.0,0.7,1.0,0.1,1.0,0.1,0.1,0.4,0.9,0.6,,0.8,0.2,1.0,1.0,1.0,0.6,1.0,0.1,0.1,0.1,1.0,1.0,0.8,0.8,0.9,1.0,1.0,0.1,0.3,0.1,0.1,0.1,0.1,0.1,0.1,0.7,0.0,0.7,1.0,0.4,0.1,0.8,0.7,0.1,0.7,0.7,0.1,1.0,0.1,0.8,1.0,0.1,0.1,1.0,0.1,1.0,0.2,0.4,0.4,0.1,0.1,0.4,0.5,0.5,0.4,0.8,0.5,0.7,0.2,0.2,0.4,0.4,0.2,0.6,0.6,0.6,0.6
shisa-v1-qwen2.5-32b,0.5,1.0,1.0,0.1,0.1,0.1,0.5,0.1,0.3,0.0,1.0,1.0,1.0,1.0,1.0,1.0,0.7,1.0,0.1,1.0,1.0,1.0,1.0,1.0,1.0,1.0,1.0,1.0,1.0,1.0,0.5,1.0,1.0,0.9,1.0,1.0,1.0,0.5,0.4,0.3,1.0,1.0,1.0,1.0,1.0,0.1,0.4,0.0,0.5,0.2,0.9,0.9,1.0,0.9,1.0,1.0,0.7,1.0,0.7,1.0,0.1,0.1,0.1,1.0,1.0,1.0,0.8,0.8,1.0,1.0,0.5,0.2,0.1,0.1,0.1,0.3,0.1,0.4,1.0,0.3,0.1,1.0,1.0,1.0,0.7,0.7,0.1,0.1,0.7,0.6,1.0,0.4,0.6,1.0,1.0,0.2,0.7,0.1,0.4,0.1,0.3,0.4,0.3,0.7,0.6,0.5,1.0,0.2,0.2,0.5,0.1,0.0,0.5,0.1,0.1,0.2,0.6,0.6,0.2,0.6
shisa-v1-sarashina2-70b,0.1,0.2,1.0,0.0,0.1,0.1,0.1,0.1,0.1,0.1,1.0,1.0,1.0,1.0,1.0,1.0,,0.8,0.1,0.1,1.0,1.0,0.5,1.0,1.0,1.0,1.0,1.0,1.0,1.0,1.0,1.0,1.0,1.0,1.0,1.0,1.0,0.8,0.6,0.7,0.9,1.0,1.0,1.0,1.0,0.1,0.4,0.0,0.1,0.5,0.9,0.7,1.0,0.8,1.0,1.0,1.0,0.9,1.0,1.0,0.1,1.0,1.0,1.0,0.1,0.6,1.0,0.7,0.4,1.0,0.2,0.0,0.1,1.0,0.1,1.0,0.1,0.3,0.7,1.0,0.5,0.8,0.0,0.4,1.0,0.7,0.8,0.1,0.7,1.0,0.0,0.0,0.3,1.0,0.5,0.0,0.1,0.3,0.8,0.1,0.0,0.3,0.3,0.1,0.0,0.5,0.0,0.2,,0.4,0.7,0.0,0.1,,0.1,1.0,0.6,0.6,0.2,1.0
tiiuae__Falcon3-10B-Instruct,0.3,1.0,0.8,0.1,0.1,0.1,0.5,0.1,0.9,0.1,0.4,0.6,0.6,0.1,0.6,1.0,0.9,0.8,0.4,0.8,0.9,0.9,1.0,1.0,0.9,1.0,0.2,0.9,1.0,0.8,0.9,0.9,0.5,0.9,0.8,0.3,0.7,0.5,0.1,0.0,0.6,0.7,0.6,0.3,0.4,0.1,0.0,0.1,0.1,0.1,0.9,0.4,0.3,0.2,0.9,1.0,1.0,0.3,0.7,0.8,0.1,0.0,0.4,0.1,1.0,0.2,0.1,0.1,0.7,0.2,0.1,0.2,0.1,0.0,0.1,0.1,0.0,0.1,0.2,0.0,0.1,0.6,0.1,1.0,0.1,0.1,0.1,0.1,0.1,0.6,0.0,0.0,0.9,0.7,0.0,0.1,0.0,0.0,0.2,0.6,0.3,,0.0,0.0,0.1,0.0,0.1,0.2,0.8,0.0,0.4,0.3,0.1,0.0,0.4,0.2,0.2,0.6,0.2,0.2
together_ai__google__gemma-2-27b-it,0.5,1.0,0.3,0.3,0.1,0.4,0.1,0.1,1.0,0.1,1.0,1.0,1.0,1.0,1.0,1.0,1.0,1.0,0.1,1.0,0.7,1.0,1.0,1.0,1.0,1.0,1.0,1.0,1.0,0.8,1.0,0.8,1.0,0.8,1.0,0.9,1.0,0.8,0.9,1.0,1.0,1.0,1.0,1.0,1.0,0.1,0.9,0.3,0.6,0.3,1.0,0.7,1.0,1.0,1.0,1.0,1.0,1.0,1.0,1.0,0.1,1.0,1.0,1.0,1.0,1.0,1.0,1.0,1.0,1.0,1.0,0.3,0.1,0.1,0.1,0.1,0.6,0.1,1.0,0.5,0.9,1.0,1.0,1.0,1.0,0.1,1.0,0.1,0.1,1.0,1.0,1.0,1.0,1.0,0.6,0.2,0.1,0.1,1.0,0.5,0.5,0.6,0.8,0.4,0.4,0.1,0.8,0.4,1.0,0.5,0.7,0.6,0.7,0.6,0.1,0.2,0.6,0.6,0.6,1.0
together_ai__meta-llama__Meta-Llama-3.1-405B-Instruct-Turbo,1.0,1.0,1.0,0.1,1.0,0.4,0.4,0.1,0.4,0.1,1.0,1.0,1.0,1.0,1.0,0.8,0.1,0.9,0.1,0.7,0.6,1.0,0.8,1.0,1.0,1.0,1.0,1.0,1.0,0.8,0.5,0.4,1.0,0.4,0.8,0.9,1.0,0.7,0.9,0.8,1.0,1.0,1.0,1.0,1.0,0.1,1.0,0.3,1.0,0.6,1.0,0.6,1.0,0.9,1.0,1.0,0.7,1.0,0.5,1.0,0.1,0.1,0.1,1.0,0.1,0.9,1.0,0.7,1.0,1.0,0.2,0.7,0.1,0.5,0.1,0.1,0.6,0.5,1.0,0.9,0.3,1.0,0.5,1.0,0.7,0.1,0.6,0.1,0.1,0.5,1.0,1.0,1.0,0.8,1.0,0.2,1.0,0.3,0.7,1.0,0.4,0.6,0.3,0.5,0.2,0.5,,0.4,0.2,0.5,0.4,0.1,0.5,0.6,0.3,0.2,0.2,0.6,0.2,0.6
together_ai__meta-llama__Meta-Llama-3.1-70B-Instruct-Turbo,1.0,0.2,1.0,0.4,1.0,0.1,0.1,0.1,0.7,0.1,1.0,1.0,1.0,1.0,1.0,0.8,1.0,1.0,0.1,1.0,1.0,1.0,1.0,0.8,1.0,1.0,0.8,1.0,1.0,1.0,0.4,0.4,1.0,0.4,0.4,0.4,1.0,0.3,0.6,0.7,1.0,1.0,1.0,1.0,1.0,0.1,1.0,0.6,0.1,0.1,0.9,0.7,1.0,0.7,1.0,1.0,0.7,1.0,0.7,1.0,0.1,0.1,0.1,1.0,0.1,1.0,1.0,0.8,1.0,1.0,0.5,0.3,0.1,0.1,0.5,0.0,0.1,0.5,1.0,0.8,0.9,1.0,1.0,1.0,0.7,0.1,0.6,0.1,0.1,0.5,1.0,1.0,1.0,0.8,1.0,0.8,1.0,0.3,1.0,1.0,0.4,0.6,0.8,0.8,0.1,0.9,1.0,0.2,1.0,0.8,0.1,0.2,0.5,0.7,0.3,0.2,0.2,0.6,0.6,0.6
together_ai__microsoft__WizardLM-2-8x22B,1.0,0.3,0.2,0.3,1.0,1.0,0.6,0.1,0.1,0.1,1.0,1.0,1.0,1.0,1.0,1.0,1.0,0.8,0.6,1.0,1.0,1.0,1.0,1.0,1.0,1.0,1.0,1.0,1.0,1.0,1.0,1.0,1.0,0.9,1.0,1.0,1.0,1.0,0.9,0.9,1.0,1.0,1.0,1.0,1.0,0.1,1.0,0.1,0.1,0.5,1.0,0.6,1.0,0.5,1.0,1.0,0.8,1.0,0.8,1.0,0.1,0.1,0.1,0.4,1.0,1.0,1.0,1.0,0.5,1.0,0.2,0.7,0.1,0.1,0.1,0.3,0.6,1.0,1.0,0.1,0.1,1.0,1.0,1.0,0.7,0.1,0.1,1.0,0.1,1.0,1.0,1.0,1.0,1.0,1.0,0.1,0.1,0.3,1.0,0.4,0.5,0.6,0.3,0.3,0.5,0.5,0.1,0.4,1.0,0.3,0.8,0.1,1.0,0.4,0.1,1.0,1.0,0.6,0.6,0.2
together_ai__mistralai__Mixtral-8x22B-Instruct-v0.1,,0.5,1.0,0.1,1.0,0.1,0.5,0.3,0.3,0.1,0.9,1.0,1.0,0.5,1.0,1.0,0.7,0.8,0.1,0.7,1.0,1.0,1.0,1.0,1.0,1.0,1.0,1.0,1.0,1.0,1.0,0.9,1.0,0.9,1.0,0.8,1.0,0.7,0.6,0.3,1.0,1.0,1.0,1.0,0.8,0.1,1.0,0.1,0.1,0.5,1.0,0.5,1.0,0.7,1.0,1.0,1.0,1.0,1.0,1.0,0.1,0.1,0.1,0.1,1.0,0.9,0.8,0.8,0.7,0.8,0.3,0.7,0.1,0.1,0.1,0.1,0.1,0.1,1.0,0.0,0.1,1.0,0.4,1.0,1.0,0.1,0.6,1.0,0.1,0.6,1.0,1.0,1.0,1.0,0.9,0.0,0.1,0.3,1.0,0.8,0.4,0.4,0.3,0.3,0.1,0.5,0.7,0.4,1.0,0.4,0.4,0.3,0.4,0.7,0.6,1.0,0.6,0.6,0.2,0.6
tokyotech-llm__Llama-3.1-Swallow-70B-Instruct-v0.3,1.0,0.1,1.0,0.1,1.0,0.1,0.1,0.1,0.3,0.1,1.0,1.0,1.0,1.0,1.0,1.0,1.0,1.0,1.0,1.0,0.6,1.0,1.0,1.0,1.0,1.0,1.0,1.0,1.0,1.0,1.0,1.0,1.0,0.8,1.0,0.9,1.0,1.0,0.9,1.0,1.0,1.0,1.0,1.0,1.0,0.5,1.0,0.3,0.1,0.1,1.0,0.7,1.0,0.7,1.0,1.0,1.0,1.0,1.0,1.0,0.1,1.0,0.4,1.0,1.0,0.7,1.0,0.8,0.8,1.0,1.0,0.3,0.1,0.5,0.1,0.1,0.1,0.8,1.0,1.0,0.9,1.0,1.0,1.0,0.8,1.0,0.1,1.0,0.1,1.0,1.0,0.0,1.0,1.0,1.0,0.6,1.0,0.3,1.0,0.8,0.5,0.6,1.0,0.1,0.3,0.5,1.0,0.6,1.0,0.4,0.7,0.0,0.7,0.7,0.3,0.2,1.0,0.6,0.2,1.0
tokyotech-llm__Llama-3.1-Swallow-8B-Instruct-v0.3,0.5,0.3,1.0,0.1,1.0,0.1,0.1,0.3,0.1,0.1,1.0,1.0,1.0,1.0,1.0,1.0,1.0,0.8,0.1,1.0,0.6,1.0,1.0,1.0,1.0,1.0,1.0,1.0,1.0,1.0,1.0,1.0,1.0,0.9,1.0,1.0,1.0,1.0,0.9,0.9,1.0,1.0,1.0,1.0,1.0,0.1,1.0,0.1,0.1,0.1,0.9,0.6,0.6,1.0,1.0,1.0,0.8,1.0,1.0,1.0,0.1,1.0,0.1,1.0,1.0,1.0,0.8,1.0,1.0,1.0,0.9,0.1,0.1,0.3,0.1,0.1,0.1,0.1,1.0,1.0,0.9,1.0,1.0,1.0,1.0,0.7,1.0,1.0,0.1,1.0,1.0,0.0,0.9,1.0,0.9,0.2,1.0,0.3,1.0,0.2,0.5,0.6,0.1,0.5,0.8,0.5,0.8,0.5,0.6,0.5,1.0,0.4,0.2,0.7,0.3,0.2,1.0,0.6,0.2,0.2
tokyotech-llm__Swallow-70b-instruct-v0.1,0.5,0.6,1.0,0.1,,0.1,0.1,0.1,0.1,0.1,0.6,1.0,1.0,1.0,0.9,0.5,0.1,0.3,,0.3,1.0,1.0,1.0,1.0,0.9,1.0,1.0,1.0,1.0,1.0,1.0,0.9,1.0,0.9,0.4,0.9,1.0,1.0,0.5,0.8,0.9,0.9,1.0,0.9,1.0,0.1,0.6,0.1,0.1,0.1,0.0,0.4,1.0,0.7,1.0,1.0,0.4,1.0,1.0,1.0,0.1,0.4,0.1,0.0,1.0,0.6,0.8,0.8,0.9,0.4,0.3,0.2,0.3,0.1,0.1,0.3,0.6,0.6,0.0,0.7,0.9,1.0,1.0,1.0,0.8,0.1,0.1,1.0,0.1,1.0,0.0,0.4,0.1,1.0,0.0,0.2,0.4,0.1,1.0,1.0,0.4,0.6,0.1,0.5,0.3,0.5,0.7,0.4,1.0,0.5,1.0,0.3,0.7,0.7,0.4,0.2,0.2,0.6,0.6,0.6
umiyuki__Llama-3-Umievo-itr014-Shizuko-8b,0.5,0.7,1.0,0.1,1.0,0.1,0.5,0.3,0.1,0.1,1.0,1.0,1.0,1.0,1.0,1.0,1.0,0.8,0.7,1.0,1.0,1.0,1.0,1.0,1.0,1.0,1.0,1.0,1.0,1.0,1.0,0.8,1.0,0.8,1.0,0.8,1.0,0.4,0.6,0.3,1.0,1.0,1.0,1.0,1.0,0.4,0.9,0.1,0.1,0.2,1.0,0.7,0.6,0.7,0.9,1.0,0.6,1.0,1.0,1.0,0.1,0.1,0.1,1.0,1.0,1.0,0.8,0.9,1.0,1.0,0.1,0.3,0.1,0.1,0.1,0.1,0.1,0.1,0.4,0.1,0.9,1.0,1.0,1.0,1.0,0.7,0.6,0.1,0.1,0.6,1.0,0.4,1.0,1.0,0.5,0.2,0.9,0.3,1.0,0.4,0.4,0.4,0.1,0.3,0.6,0.7,0.8,0.4,1.0,0.5,0.2,0.4,0.5,0.6,0.1,0.2,0.2,0.6,0.2,0.2
umiyuki__Umievo-itr012-Gleipnir-7B,0.3,0.1,1.0,0.1,0.1,0.1,0.1,0.1,0.1,0.4,1.0,1.0,1.0,1.0,1.0,1.0,0.1,0.9,0.1,0.7,1.0,1.0,0.8,1.0,1.0,0.5,0.8,1.0,1.0,0.8,1.0,1.0,1.0,0.6,1.0,1.0,1.0,0.3,0.9,0.4,1.0,1.0,1.0,1.0,1.0,0.4,0.1,0.1,0.1,0.2,0.9,0.7,1.0,0.5,1.0,1.0,0.8,1.0,0.8,1.0,0.1,0.1,0.1,0.1,1.0,1.0,1.0,1.0,0.7,1.0,1.0,0.5,0.1,0.1,0.1,0.1,0.1,0.3,0.5,0.5,0.9,1.0,1.0,1.0,1.0,0.7,0.6,0.1,0.1,1.0,0.0,0.1,1.0,1.0,0.5,0.2,1.0,0.3,1.0,1.0,0.5,0.6,0.3,0.5,0.5,0.8,1.0,0.6,1.0,0.4,,0.4,0.9,0.2,0.4,0.2,0.2,0.6,0.6,0.6
unsloth__phi-4,0.5,1.0,1.0,0.0,1.0,1.0,0.5,0.3,0.7,0.1,1.0,1.0,1.0,1.0,1.0,1.0,1.0,1.0,1.0,1.0,1.0,1.0,1.0,1.0,1.0,1.0,1.0,1.0,1.0,1.0,1.0,1.0,1.0,1.0,1.0,1.0,1.0,1.0,0.9,0.8,1.0,1.0,1.0,1.0,1.0,0.1,1.0,0.1,0.4,0.5,1.0,0.6,0.5,0.7,1.0,1.0,0.8,1.0,1.0,1.0,1.0,1.0,0.4,1.0,1.0,1.0,0.8,1.0,0.9,1.0,0.2,0.6,0.1,0.3,0.1,0.1,0.1,1.0,1.0,0.2,0.9,1.0,1.0,1.0,0.7,0.7,0.1,0.1,0.1,1.0,1.0,0.0,1.0,1.0,0.5,0.1,1.0,0.3,0.9,0.4,0.5,0.8,0.3,0.4,0.1,0.5,0.8,0.4,1.0,0.5,0.3,0.3,0.3,0.1,0.1,1.0,0.6,0.6,0.2,1.0
weblab-GENIAC__Tanuki-8x8B-dpo-v1.0,0.0,0.0,0.0,,0.0,0.0,0.0,0.0,0.0,0.0,,,,0.1,0.0,0.0,0.0,0.0,,0.0,0.0,0.0,0.0,0.0,0.0,0.0,,0.0,0.0,0.0,,0.0,0.0,0.0,0.0,0.0,0.0,0.0,0.0,0.0,0.0,0.0,0.0,0.0,0.0,0.0,0.0,0.0,0.0,0.0,0.0,0.0,0.0,0.0,0.0,0.0,0.0,0.0,0.0,0.0,0.0,0.0,0.9,0.0,0.0,0.0,,0.0,0.0,,,0.0,,0.0,0.0,0.0,0.0,,0.0,0.0,0.1,0.0,0.0,0.0,,0.0,0.0,0.0,,0.0,0.0,0.0,0.0,0.0,0.0,0.0,0.0,0.0,0.0,0.0,0.0,0.0,0.0,0.0,0.0,,0.0,0.0,0.0,0.0,0.0,0.0,0.0,0.0,0.0,0.0,,,,0.2
xverse__XVERSE-13B-Chat,0.0,0.0,1.0,0.0,0.1,0.1,0.5,0.1,0.1,0.1,1.0,1.0,1.0,1.0,1.0,0.4,0.2,0.1,0.2,0.1,1.0,1.0,1.0,0.9,0.0,0.0,0.6,1.0,1.0,1.0,1.0,1.0,0.4,0.8,0.8,0.8,1.0,0.3,0.4,0.3,1.0,1.0,0.7,1.0,1.0,0.1,0.0,0.1,0.1,0.1,1.0,0.7,1.0,0.7,0.2,1.0,1.0,0.0,1.0,1.0,0.1,0.1,0.0,0.1,0.1,1.0,0.3,0.5,0.5,1.0,0.6,0.2,0.0,0.1,0.1,0.1,0.1,0.1,0.0,0.0,0.3,1.0,0.6,1.0,0.8,0.1,0.6,0.1,0.1,0.6,0.0,0.5,0.9,1.0,0.4,0.1,0.1,0.3,1.0,0.6,0.4,0.6,0.0,0.1,0.1,0.5,0.5,0.4,1.0,0.5,0.8,0.4,0.1,0.5,0.4,0.2,0.2,0.6,0.6,0.6
